symbol,open_time,open,high,low,close,volume,close_time,quote_asset_volume,number_of_trades,taker_buy_base_asset_volume,taker_buy_quote_asset_volume,ignore_field
DOT,1713830400000,7.46700000,7.54300000,7.20500000,7.24200000,4802056.52000000,1713916799999,35496925.27651000,78516,2292492.45000000,16952568.65086000,0
DOT,1713916800000,7.24300000,7.50000000,6.85700000,6.93100000,6094306.22000000,1714003199999,43770713.70024000,101315,2902647.39000000,20865534.89409000,0
DOT,1714003200000,6.93200000,7.00100000,6.70300000,6.86200000,4296277.37000000,1714089599999,29522566.81950000,71088,2070719.19000000,14232491.92390000,0
DOT,1714089600000,6.86300000,6.95100000,6.71400000,6.76400000,4650325.63000000,1714175999999,31794011.83922000,67383,2329786.84000000,15933333.66580000,0
DOT,1714176000000,6.76500000,6.86600000,6.51100000,6.80700000,3888055.62000000,1714262399999,26004283.68863000,64779,1826729.01000000,12217169.33279000,0
DOT,1714262400000,6.80800000,6.95100000,6.69000000,6.72800000,2445507.20000000,1714348799999,16773666.67295000,43208,1164300.64000000,7990094.08078000,0
DOT,1714348800000,6.72600000,6.82600000,6.47000000,6.58700000,3658934.18000000,1714435199999,24113568.60672000,63006,1714087.54000000,11297763.72953000,0
DOT,1714435200000,6.58800000,6.66900000,6.04000000,6.42500000,7667235.19000000,1714521599999,48530605.89353000,115512,3984062.45000000,25224123.59206000,0
DOT,1714521600000,6.42300000,6.93500000,6.12900000,6.89900000,9928379.44000000,1714607999999,64889057.77625000,175570,4971837.62000000,32506459.70104000,0
DOT,1714608000000,6.90000000,7.40900000,6.69400000,7.27300000,5866303.67000000,1714694399999,41407190.75191000,109002,2989781.66000000,21089488.59573000,0
DOT,1714694400000,7.27200000,7.38600000,7.00200000,7.24500000,6917886.48000000,1714780799999,49700402.13008000,109634,3849841.15000000,27661016.19492000,0
DOT,1714780800000,7.24400000,7.28000000,7.10500000,7.12200000,3557671.87000000,1714867199999,25538079.66083000,71120,1842506.65000000,13228206.08575000,0
DOT,1714867200000,7.12200000,7.40000000,7.01400000,7.30200000,4163778.64000000,1714953599999,29929648.88411000,72928,2053134.89000000,14756410.06752000,0
DOT,1714953600000,7.30300000,7.47300000,7.06000000,7.12100000,4753151.15000000,1715039999999,34575115.49700000,94264,2300855.06000000,16740333.77776000,0
DOT,1715040000000,7.11900000,7.29500000,6.97900000,6.99300000,3682848.45000000,1715126399999,26341986.89067000,64947,1709117.46000000,12230777.07425000,0
DOT,1715126400000,6.99200000,7.18900000,6.89300000,6.98300000,3774626.84000000,1715212799999,26568875.86413000,75550,1826824.85000000,12866929.52023000,0
DOT,1715212800000,6.98200000,7.08900000,6.78200000,7.05000000,3379414.81000000,1715299199999,23494022.92313000,75016,1714347.12000000,11925299.52689000,0
DOT,1715299200000,7.04900000,7.14900000,6.69000000,6.74600000,4044018.42000000,1715385599999,28001136.53901000,86237,1924613.53000000,13347016.87152000,0
DOT,1715385600000,6.74500000,6.80900000,6.63500000,6.65900000,2377967.87000000,1715471999999,15990835.94362000,63809,1048777.60000000,7053251.24426000,0
DOT,1715472000000,6.65900000,6.79300000,6.58600000,6.61700000,1576234.91000000,1715558399999,10549981.05226000,40295,769472.16000000,5150212.10387000,0
DOT,1715558400000,6.61600000,6.82600000,6.43100000,6.66900000,3606786.80000000,1715644799999,24006845.24137000,74408,1731132.61000000,11533322.62222000,0
DOT,1715644800000,6.67100000,6.69800000,6.46900000,6.48500000,2744202.98000000,1715731199999,18115960.71576000,54763,1291300.56000000,8525969.83623000,0
DOT,1715731200000,6.48500000,7.02900000,6.46100000,6.96100000,4442558.01000000,1715817599999,29947707.03845000,93250,2306277.62000000,15550469.59919000,0
DOT,1715817600000,6.96100000,7.06600000,6.81200000,7.02500000,3415709.35000000,1715903999999,23688289.71924000,77104,1707446.04000000,11844582.16317000,0
DOT,1715904000000,7.02500000,7.29900000,6.99900000,7.19900000,4256397.78000000,1715990399999,30530613.07534000,93983,2134758.35000000,15305855.57678000,0
DOT,1715990400000,7.19800000,7.23200000,7.06300000,7.15700000,1889934.65000000,1716076799999,13528564.03044000,51738,860878.17000000,6163434.10025000,0
DOT,1716076800000,7.15700000,7.18000000,6.88900000,6.93100000,1874582.61000000,1716163199999,13172233.68275000,52561,894559.89000000,6285776.39470000,0
DOT,1716163200000,6.93000000,7.58400000,6.85100000,7.57500000,4828245.07000000,1716249599999,35050283.82313000,111128,2610174.24000000,18968986.89163000,0
DOT,1716249600000,7.57400000,7.67100000,7.42800000,7.61000000,4957810.67000000,1716335999999,37493727.53372000,114969,2454000.78000000,18562631.93695000,0
DOT,1716336000000,7.60900000,7.70100000,7.38000000,7.46700000,4310060.98000000,1716422399999,32562307.03784000,91907,2048867.98000000,15486686.52596000,0
DOT,1716422400000,7.46600000,7.60400000,6.89500000,7.20000000,8045710.66000000,1716508799999,58338996.81951000,165136,3925825.68000000,28452769.99132000,0
DOT,1716508800000,7.19900000,7.38600000,7.01700000,7.24400000,3827983.04000000,1716595199999,27592396.21948000,85145,1812949.94000000,13061893.69122000,0
DOT,1716595200000,7.24400000,7.43800000,7.22000000,7.42500000,2016462.27000000,1716681599999,14775929.55812000,45069,926347.08000000,6783145.35353000,0
DOT,1716681600000,7.42600000,7.64000000,7.36700000,7.55700000,2927564.39000000,1716767999999,21981848.74520000,71817,1400511.65000000,10516828.91013000,0
DOT,1716768000000,7.55600000,7.77500000,7.38000000,7.64000000,3611626.96000000,1716854399999,27354095.59829000,89866,1858086.60000000,14073135.01704000,0
DOT,1716854400000,7.64000000,7.66700000,7.27700000,7.37000000,4935005.61000000,1716940799999,36637189.71365000,111895,2385095.81000000,17705223.55607000,0
DOT,1716940800000,7.37100000,7.56200000,7.14500000,7.17800000,4221424.57000000,1717027199999,31004140.44929000,109760,1973918.49000000,14501964.03416000,0
DOT,1717027200000,7.17800000,7.24300000,6.92300000,6.99800000,4211075.50000000,1717113599999,29768830.26286000,121671,2204938.21000000,15581375.31031000,0
DOT,1717113600000,6.99700000,7.05400000,6.80300000,6.98400000,2478066.66000000,1717199999999,17240959.21724000,68972,1208066.71000000,8410678.60292000,0
DOT,1717200000000,6.98400000,7.13500000,6.95900000,7.06200000,1506527.64000000,1717286399999,10641340.31329000,38697,699304.06000000,4939521.71571000,0
DOT,1717286400000,7.06100000,7.12500000,6.91700000,6.98800000,1812466.32000000,1717372799999,12739228.39396000,44577,858015.48000000,6031048.69623000,0
DOT,1717372800000,6.98900000,7.19100000,6.93200000,7.00900000,3867604.77000000,1717459199999,27501440.82946000,70893,1912608.62000000,13606391.65968000,0
DOT,1717459200000,7.00900000,7.23600000,6.94100000,7.17700000,2889356.19000000,1717545599999,20510170.59585000,71252,1448252.26000000,10286069.31858000,0
DOT,1717545600000,7.17800000,7.29800000,7.14800000,7.25100000,2836358.18000000,1717631999999,20489701.47158000,66081,1306097.36000000,9438808.75676000,0
DOT,1717632000000,7.25000000,7.28800000,7.05600000,7.14400000,2433999.18000000,1717718399999,17531588.67298000,59115,1075485.45000000,7748246.92838000,0
DOT,1717718400000,7.14500000,7.29100000,6.05300000,6.65900000,8416185.59000000,1717804799999,56571253.44670000,206977,3943837.68000000,26463881.85065000,0
DOT,1717804800000,6.65900000,6.68300000,6.33800000,6.38400000,3615115.34000000,1717891199999,23479748.53344000,90111,1697515.65000000,11020442.48269000,0
DOT,1717891200000,6.38400000,6.54000000,6.37500000,6.52700000,2659717.39000000,1717977599999,17204100.31419000,61660,1458773.00000000,9431728.35544000,0
DOT,1717977600000,6.52700000,6.58200000,6.35700000,6.50600000,2942181.04000000,1718063999999,19083975.95825000,78223,1439742.27000000,9337581.59730000,0
DOT,1718064000000,6.50600000,6.52700000,6.21700000,6.37800000,5420734.07000000,1718150399999,34467834.53315000,123800,2466887.85000000,15687973.27384000,0
DOT,1718150400000,6.37800000,6.93100000,6.27600000,6.73800000,7033186.82000000,1718236799999,46892490.86663000,149956,3149349.42000000,20990255.97458000,0
DOT,1718236800000,6.73700000,6.74300000,6.33600000,6.35900000,3581239.76000000,1718323199999,23256263.33168000,88271,1709576.92000000,11105291.20245000,0
DOT,1718323200000,6.36000000,6.48800000,6.00000000,6.16300000,5069082.95000000,1718409599999,31653591.82174000,127400,2552447.64000000,15948819.21839000,0
DOT,1718409600000,6.16200000,6.25800000,6.10900000,6.22300000,1928449.76000000,1718495999999,11946251.60148000,38259,927573.60000000,5746535.49870000,0
DOT,1718496000000,6.22300000,6.42800000,6.14900000,6.39600000,3423193.06000000,1718582399999,21562302.44530000,53738,1471513.86000000,9268357.11779000,0
DOT,1718582400000,6.39700000,6.41800000,5.98700000,6.06900000,4149733.54000000,1718668799999,25729861.79515000,91593,1807884.81000000,11208575.82545000,0
DOT,1718668800000,6.06900000,6.08900000,5.46000000,5.77100000,10700166.19000000,1718755199999,61632237.35168000,188498,5127671.54000000,29500397.29582000,0
DOT,1718755200000,5.77100000,5.99300000,5.73000000,5.79900000,4114058.81000000,1718841599999,24212639.52250000,71171,2047937.87000000,12046411.00100000,0
DOT,1718841600000,5.79800000,5.97200000,5.60000000,5.64200000,3352117.74000000,1718927999999,19440549.48807000,85229,1767681.53000000,10259214.32979000,0
DOT,1718928000000,5.64300000,5.73700000,5.54900000,5.61100000,3503011.61000000,1719014399999,19780172.90643000,75499,1743042.35000000,9842386.48370000,0
DOT,1719014400000,5.61200000,5.80500000,5.54100000,5.75100000,2939866.91000000,1719100799999,16717617.25044000,59425,1242079.85000000,7057908.29884000,0
DOT,1719100800000,5.75200000,5.83000000,5.58700000,5.65200000,1702329.17000000,1719187199999,9742415.15508000,43147,821831.70000000,4703771.10087000,0
DOT,1719187200000,5.65100000,5.74000000,5.38900000,5.72900000,5455119.88000000,1719273599999,30581475.85042000,141446,2648396.98000000,14848027.74830000,0
DOT,1719273600000,5.72700000,5.97600000,5.70500000,5.84200000,3888721.25000000,1719359999999,22723548.14992000,89117,1706706.47000000,9970082.71471000,0
DOT,1719360000000,5.84100000,5.94900000,5.75700000,5.79900000,2681962.98000000,1719446399999,15700662.86179000,58929,1230289.74000000,7202281.47664000,0
DOT,1719446400000,5.79900000,6.38000000,5.70600000,6.28700000,6316840.04000000,1719532799999,38592283.67132000,129555,3025202.31000000,18476993.24780000,0
DOT,1719532800000,6.28600000,6.44200000,6.15900000,6.19000000,3765151.40000000,1719619199999,23741233.80466000,103182,1890284.17000000,11924109.93517000,0
DOT,1719619200000,6.18900000,6.30500000,6.06300000,6.08000000,1478576.61000000,1719705599999,9119215.34262000,50003,657355.77000000,4055954.80660000,0
DOT,1719705600000,6.08000000,6.26000000,6.02300000,6.21500000,1831777.53000000,1719791999999,11252365.78312000,56144,962160.59000000,5912678.92444000,0
DOT,1719792000000,6.21600000,6.45000000,6.19500000,6.32900000,3174108.21000000,1719878399999,20126788.71605000,78075,1624163.76000000,10298189.78484000,0
DOT,1719878400000,6.33000000,6.61100000,6.31400000,6.53100000,5472083.79000000,1719964799999,35357433.53704000,110722,2675006.55000000,17275714.98155000,0
DOT,1719964800000,6.53100000,6.54500000,5.99800000,6.08100000,4570764.83000000,1720051199999,28365930.04465000,108277,2123550.00000000,13170803.41702000,0
DOT,1720051200000,6.08200000,6.13400000,5.53900000,5.55600000,6705156.48000000,1720137599999,39090231.43867000,146014,3137348.15000000,18291690.19667000,0
DOT,1720137600000,5.55600000,5.91800000,4.91500000,5.68700000,20535452.40000000,1720223999999,110950720.12196000,342604,9611882.83000000,51942708.91857000,0
DOT,1720224000000,5.68600000,6.31200000,5.63100000,6.24000000,11542351.46000000,1720310399999,68471576.66330000,172336,5612095.00000000,33283316.85445000,0
DOT,1720310400000,6.24000000,6.31300000,5.88200000,5.91100000,5276684.60000000,1720396799999,32622719.92136000,122958,2562181.01000000,15836912.32412000,0
DOT,1720396800000,5.90900000,6.29300000,5.69500000,5.94400000,6138945.03000000,1720483199999,36815706.84295000,166039,3100752.30000000,18602787.41039000,0
DOT,1720483200000,5.94300000,6.20000000,5.84000000,6.11700000,4353640.81000000,1720569599999,26355346.84012000,130966,1880744.01000000,11381177.01464000,0
DOT,1720569600000,6.11700000,6.26000000,6.05000000,6.09700000,4110238.98000000,1720655999999,25185399.94519000,82392,2065910.76000000,12658647.92375000,0
DOT,1720656000000,6.09600000,6.24800000,5.89500000,5.90300000,2350422.86000000,1720742399999,14266314.81401000,84775,1081010.37000000,6565968.70662000,0
DOT,1720742400000,5.90200000,6.10400000,5.80100000,6.10300000,2711128.45000000,1720828799999,16061145.58148000,95781,1372630.27000000,8134873.01214000,0
DOT,1720828800000,6.10200000,6.30600000,6.07400000,6.23200000,2003082.88000000,1720915199999,12463058.33448000,83543,1021579.07000000,6357310.35747000,0
DOT,1720915200000,6.23300000,6.35700000,6.15900000,6.32000000,2826709.60000000,1721001599999,17678789.87336000,76142,1418253.43000000,8866245.26725000,0
DOT,1721001600000,6.32000000,6.54300000,6.29500000,6.48400000,5049392.80000000,1721087999999,32365747.32191000,127556,2394517.92000000,15347155.90215000,0
DOT,1721088000000,6.48600000,6.51300000,6.12600000,6.33700000,4558393.80000000,1721174399999,28926424.01309000,140931,2225905.16000000,14129314.79331000,0
DOT,1721174400000,6.33500000,6.53500000,6.24600000,6.25500000,3182801.28000000,1721260799999,20409441.02157000,113708,1596276.58000000,10243934.47959000,0
DOT,1721260800000,6.25400000,6.40700000,6.02000000,6.09300000,3370663.16000000,1721347199999,20942036.00670000,115888,1582766.83000000,9841354.80016000,0
DOT,1721347200000,6.09200000,6.48000000,5.97800000,6.33800000,2757057.53000000,1721433599999,17092640.49337000,88094,1493081.34000000,9275795.77161000,0
DOT,1721433600000,6.33700000,6.39700000,6.22400000,6.33300000,1720991.41000000,1721519999999,10890692.56024000,52953,902767.47000000,5714858.14562000,0
DOT,1721520000000,6.33200000,6.44500000,6.10000000,6.43000000,2339766.13000000,1721606399999,14729938.84413000,77880,1143809.70000000,7207426.34326000,0
DOT,1721606400000,6.43000000,6.47600000,6.08000000,6.09600000,2585309.02000000,1721692799999,16189745.26295000,76605,1172894.72000000,7350320.76699000,0
DOT,1721692800000,6.09500000,6.16500000,5.79900000,5.91700000,2986487.42000000,1721779199999,17898039.14700000,107148,1390273.76000000,8338394.20350000,0
DOT,1721779200000,5.91700000,5.99700000,5.65400000,5.74800000,2358741.13000000,1721865599999,13810419.50156000,77804,1038934.40000000,6089588.24525000,0
DOT,1721865600000,5.74700000,5.77900000,5.54000000,5.75500000,2972357.49000000,1721951999999,16868022.73891000,103777,1404441.52000000,7971995.89160000,0
DOT,1721952000000,5.75500000,5.89100000,5.72600000,5.86700000,2528303.82000000,1722038399999,14731225.61897000,64349,1281901.66000000,7469244.17566000,0
DOT,1722038400000,5.86700000,5.94200000,5.71500000,5.82500000,2061613.39000000,1722124799999,12055104.50057000,66226,983835.65000000,5753295.07845000,0
DOT,1722124800000,5.82500000,5.84400000,5.67000000,5.71800000,1204090.29000000,1722211199999,6911612.14166000,37155,567925.87000000,3260924.15182000,0
DOT,1722211200000,5.72000000,5.88000000,5.62200000,5.64900000,2552750.24000000,1722297599999,14741753.65262000,73040,1276172.08000000,7377277.42598000,0
DOT,1722297600000,5.65000000,5.72600000,5.48100000,5.51900000,1921244.42000000,1722383999999,10784712.48248000,60151,861000.94000000,4837876.13269000,0
DOT,1722384000000,5.51900000,5.55900000,5.33500000,5.38900000,2644241.77000000,1722470399999,14491968.14833000,81717,1291613.13000000,7079187.57328000,0
DOT,1722470400000,5.38900000,5.42200000,5.02600000,5.34000000,4408677.71000000,1722556799999,23057405.09870000,118524,2218655.08000000,11590078.92745000,0
DOT,1722556800000,5.34100000,5.36900000,5.00000000,5.12200000,3554684.74000000,1722643199999,18373097.53989000,93870,1623290.53000000,8402647.58704000,0
DOT,1722643200000,5.12300000,5.20900000,4.85400000,5.04500000,3126943.96000000,1722729599999,15746333.90916000,79104,1486544.56000000,7483923.45747000,0
DOT,1722729600000,5.04400000,5.09700000,4.53400000,4.68800000,4876624.24000000,1722815999999,23395140.70896000,96819,2202195.34000000,10555925.17162000,0
DOT,1722816000000,4.68800000,4.72600000,3.59000000,4.20000000,21997702.93000000,1722902399999,88685187.18137000,439161,10505489.74000000,42364300.21631000,0
DOT,1722902400000,4.19900000,4.60400000,4.19400000,4.50900000,5497287.59000000,1722988799999,24332470.64108000,137934,2380282.09000000,10522306.46691000,0
DOT,1722988800000,4.50900000,4.64100000,4.40300000,4.57900000,5243270.78000000,1723075199999,23867799.57190000,116284,2417585.33000000,11005552.54678000,0
DOT,1723075200000,4.57900000,4.90400000,4.48000000,4.87900000,4847719.81000000,1723161599999,22846212.93063000,126282,2189605.49000000,10319762.74502000,0
DOT,1723161600000,4.87900000,4.92400000,4.73000000,4.78300000,2737150.09000000,1723247999999,13160460.75688000,94019,1332390.45000000,6405910.52183000,0
DOT,1723248000000,4.78300000,4.83200000,4.72300000,4.75400000,1189116.19000000,1723334399999,5655926.59157000,49593,484474.72000000,2304807.33600000,0
DOT,1723334400000,4.75300000,4.82900000,4.46600000,4.49500000,1800885.03000000,1723420799999,8373101.26817000,62962,848795.92000000,3948669.81185000,0
DOT,1723420800000,4.49500000,4.68000000,4.45000000,4.58800000,2055574.69000000,1723507199999,9398489.06651000,74860,1015281.25000000,4644185.24775000,0
DOT,1723507200000,4.58700000,4.65000000,4.39800000,4.54700000,2199766.63000000,1723593599999,9955998.35062000,52255,1045187.15000000,4733232.69043000,0
DOT,1723593600000,4.54600000,4.55400000,4.34300000,4.38300000,2361315.25000000,1723679999999,10530674.74467000,56898,1088343.40000000,4855954.88973000,0
DOT,1723680000000,4.38300000,4.48100000,4.22700000,4.27700000,2334737.90000000,1723766399999,10191897.14502000,87634,985276.31000000,4295864.14243000,0
DOT,1723766400000,4.27800000,4.38700000,4.21100000,4.29200000,1920753.49000000,1723852799999,8249236.79014000,44366,1015534.24000000,4359112.40304000,0
DOT,1723852800000,4.29300000,4.38400000,4.27500000,4.36900000,859646.82000000,1723939199999,3720796.35993000,40634,473270.40000000,2048843.00253000,0
DOT,1723939200000,4.37000000,4.52900000,4.34600000,4.39000000,2034044.35000000,1724025599999,9004629.63291000,44213,1024258.09000000,4531820.15990000,0
DOT,1724025600000,4.39100000,4.50400000,4.34400000,4.48100000,1876212.07000000,1724111999999,8304032.43384000,39373,913259.87000000,4041781.98718000,0
DOT,1724112000000,4.48100000,4.60400000,4.45500000,4.52400000,2015995.76000000,1724198399999,9152924.20150000,77401,881048.13000000,3999807.18570000,0
DOT,1724198400000,4.52400000,4.74900000,4.49200000,4.66300000,2872074.59000000,1724284799999,13248802.47603000,87220,1387540.70000000,6410961.13251000,0
DOT,1724284800000,4.66400000,4.72000000,4.59100000,4.68900000,3039748.99000000,1724371199999,14158806.49200000,61121,1622459.96000000,7554867.26163000,0
DOT,1724371200000,4.69000000,4.95300000,4.68400000,4.89100000,3604290.98000000,1724457599999,17308988.02795000,71503,1802725.48000000,8663113.18293000,0
DOT,1724457600000,4.89200000,5.10000000,4.84500000,4.98100000,3274573.09000000,1724543999999,16263900.72207000,65838,1700011.80000000,8443436.66512000,0
DOT,1724544000000,4.98200000,4.99500000,4.74400000,4.81900000,3038021.47000000,1724630399999,14732464.97782000,62912,1407601.08000000,6830289.37954000,0
DOT,1724630400000,4.82300000,4.86600000,4.53000000,4.55800000,2919726.61000000,1724716799999,13664083.01295000,67183,1385369.00000000,6483634.77533000,0
DOT,1724716800000,4.55700000,4.65800000,4.24000000,4.37800000,4020085.47000000,1724803199999,17985690.71896000,93324,1949821.66000000,8721214.32781000,0
DOT,1724803200000,4.37800000,4.45300000,4.16500000,4.25400000,3363625.70000000,1724889599999,14541157.51819000,88095,1498175.74000000,6475210.94376000,0
DOT,1724889600000,4.25500000,4.40300000,4.17900000,4.25200000,2528160.83000000,1724975999999,10850019.33844000,46224,1070052.57000000,4596550.53653000,0
DOT,1724976000000,4.25200000,4.33500000,4.10100000,4.27700000,2493943.55000000,1725062399999,10540167.62173000,46964,1170446.25000000,4949882.69724000,0
DOT,1725062400000,4.27700000,4.31800000,4.21800000,4.25800000,1087944.03000000,1725148799999,4651653.69586000,31547,520758.58000000,2226708.85542000,0
DOT,1725148800000,4.25900000,4.25900000,4.03200000,4.06800000,2516218.02000000,1725235199999,10468108.13323000,40403,1127520.91000000,4688619.79698000,0
DOT,1725235200000,4.06800000,4.23400000,4.05100000,4.20800000,2199151.08000000,1725321599999,9124704.26325000,38829,1087453.21000000,4513299.68212000,0
DOT,1725321600000,4.20900000,4.28500000,4.05600000,4.06200000,2045219.35000000,1725407999999,8557835.91155000,41621,1021159.38000000,4273391.00259000,0
DOT,1725408000000,4.06300000,4.19700000,3.86800000,4.11100000,4271469.46000000,1725494399999,17306441.51132000,63486,2182306.16000000,8834575.91811000,0
DOT,1725494400000,4.11100000,4.12700000,3.97300000,4.02100000,1907467.81000000,1725580799999,7705627.49877000,37512,907343.18000000,3666892.12144000,0
DOT,1725580800000,4.02200000,4.09600000,3.81800000,3.95900000,3968575.54000000,1725667199999,15761203.88402000,74308,1872202.04000000,7433428.25698000,0
DOT,1725667200000,3.96000000,4.13300000,3.93500000,4.07900000,1686608.94000000,1725753599999,6840358.24733000,29572,833675.22000000,3383022.47939000,0
DOT,1725753600000,4.08000000,4.20800000,4.05900000,4.16100000,1503933.15000000,1725839999999,6229901.43706000,40230,739421.07000000,3063885.34010000,0
DOT,1725840000000,4.16200000,4.34100000,4.11100000,4.28600000,2798131.43000000,1725926399999,11804326.73070000,46853,1268016.84000000,5351969.20742000,0
DOT,1725926400000,4.28600000,4.28900000,4.19700000,4.25100000,1848659.47000000,1726012799999,7839080.53131000,35745,927860.05000000,3937082.15623000,0
DOT,1726012800000,4.25000000,4.25700000,4.05800000,4.19100000,2947171.99000000,1726099199999,12240158.54185000,46765,1459056.96000000,6062347.30327000,0
DOT,1726099200000,4.19200000,4.30000000,4.18900000,4.29400000,2205112.48000000,1726185599999,9352024.26962000,37641,975304.62000000,4137888.81706000,0
DOT,1726185600000,4.29400000,4.47200000,4.27000000,4.42000000,3251739.87000000,1726271999999,14194643.53504000,56596,1491325.17000000,6514908.20375000,0
DOT,1726272000000,4.42000000,4.44500000,4.34400000,4.43700000,1857961.23000000,1726358399999,8172515.08683000,30347,829481.38000000,3649907.84454000,0
DOT,1726358400000,4.43700000,4.55800000,4.35500000,4.39300000,2920077.53000000,1726444799999,13096611.08845000,54422,1363491.05000000,6118268.12897000,0
DOT,1726444800000,4.39300000,4.39300000,4.14800000,4.19600000,3152928.30000000,1726531199999,13423563.17722000,61198,1471493.12000000,6260182.74717000,0
DOT,1726531200000,4.19500000,4.28800000,4.12700000,4.15700000,3322360.31000000,1726617599999,13932318.92940000,48680,1717293.46000000,7204037.89038000,0
DOT,1726617600000,4.15800000,4.17800000,3.97300000,4.17600000,4814848.56000000,1726703999999,19623240.25152000,73568,2416448.53000000,9853748.55713000,0
DOT,1726704000000,4.17700000,4.35200000,4.17700000,4.25500000,4658192.56000000,1726790399999,19817235.20155000,64863,2178485.68000000,9262543.92627000,0
DOT,1726790400000,4.25500000,4.40400000,4.19000000,4.34000000,4540903.46000000,1726876799999,19590156.37523000,55748,2318134.56000000,10011756.39755000,0
DOT,1726876800000,4.33900000,4.47700000,4.28200000,4.46200000,2465166.54000000,1726963199999,10802753.21114000,35201,1185147.43000000,5192551.23226000,0
DOT,1726963200000,4.46000000,4.48300000,4.23400000,4.31100000,2410272.28000000,1727049599999,10500125.54048000,37253,1048031.75000000,4567696.20899000,0
DOT,1727049600000,4.31000000,4.46200000,4.23300000,4.45800000,3549403.67000000,1727135999999,15572255.46289000,59614,1723667.44000000,7566842.61342000,0
DOT,1727136000000,4.45800000,4.68400000,4.40100000,4.63500000,4816662.23000000,1727222399999,21852476.87401000,71793,2231481.85000000,10124952.98568000,0
DOT,1727222400000,4.63600000,4.77300000,4.59000000,4.63700000,3965799.79000000,1727308799999,18568345.42913000,76184,1950010.71000000,9129192.72577000,0
DOT,1727308800000,4.63700000,4.87800000,4.56400000,4.81400000,3813731.87000000,1727395199999,18144226.17780000,73685,1762258.07000000,8388560.60372000,0
DOT,1727395200000,4.81400000,4.96400000,4.80900000,4.88200000,4302233.12000000,1727481599999,21054523.50476000,68675,1884592.30000000,9228034.37419000,0
DOT,1727481600000,4.88300000,4.93000000,4.74600000,4.79400000,2346081.15000000,1727567999999,11323964.67363000,44101,1009865.16000000,4874839.72068000,0
DOT,1727568000000,4.79400000,4.85800000,4.68200000,4.76700000,2288995.53000000,1727654399999,10921605.08779000,49414,1089780.66000000,5201560.09456000,0
DOT,1727654400000,4.76700000,4.77100000,4.39900000,4.43200000,4303691.53000000,1727740799999,19804776.77364000,83551,2056858.54000000,9462975.04160000,0
DOT,1727740800000,4.43200000,4.56300000,4.05100000,4.15400000,8519076.94000000,1727827199999,36807460.52113000,136213,4394384.58000000,19009272.08992000,0
DOT,1727827200000,4.15400000,4.27000000,4.00400000,4.10200000,4868593.35000000,1727913599999,20216542.77875000,109613,2458963.30000000,10216605.91659000,0
DOT,1727913600000,4.10200000,4.17300000,3.98900000,4.12900000,4867140.66000000,1727999999999,19828943.46369000,93879,1966602.68000000,8013340.66888000,0
DOT,1728000000000,4.12900000,4.21200000,4.10600000,4.19400000,3025511.57000000,1728086399999,12597674.72679000,65274,1480880.30000000,6166717.19056000,0
DOT,1728086400000,4.19400000,4.23400000,4.07500000,4.13900000,1785207.19000000,1728172799999,7436986.80122000,36880,816700.84000000,3404366.69144000,0
DOT,1728172800000,4.13900000,4.19500000,4.09700000,4.19100000,1577602.61000000,1728259199999,6557940.23410000,31733,755681.21000000,3142060.42345000,0
DOT,1728259200000,4.19000000,4.27200000,4.12600000,4.13100000,3779052.30000000,1728345599999,15901823.96343000,67923,1732641.74000000,7290928.34497000,0
DOT,1728345600000,4.13000000,4.18400000,4.04500000,4.10400000,3238080.04000000,1728431999999,13334540.83259000,57741,1481165.84000000,6099990.25798000,0
DOT,1728432000000,4.10500000,4.15000000,3.95100000,4.02400000,3076173.21000000,1728518399999,12500131.61043000,58137,1407896.36000000,5725099.69408000,0
DOT,1728518400000,4.02400000,4.07700000,3.96200000,4.07300000,2490257.83000000,1728604799999,10043643.48152000,49030,1211333.67000000,4886643.79651000,0
DOT,1728604800000,4.07300000,4.19600000,4.05300000,4.17100000,2347729.65000000,1728691199999,9718414.52857000,40200,1081519.82000000,4476260.73010000,0
DOT,1728691200000,4.17200000,4.26300000,4.15200000,4.20500000,2311858.57000000,1728777599999,9746467.49333000,41063,1111794.34000000,4686774.63338000,0
DOT,1728777600000,4.20500000,4.21600000,4.08600000,4.16200000,1965193.65000000,1728863999999,8160338.93552000,38955,886413.52000000,3679686.64484000,0
DOT,1728864000000,4.16300000,4.40000000,4.13400000,4.37800000,4101366.34000000,1728950399999,17620355.12387000,70533,2033911.13000000,8737691.50772000,0
DOT,1728950400000,4.37900000,4.53500000,4.29100000,4.40600000,6569159.09000000,1729036799999,29005689.94078000,101305,3009870.89000000,13292155.37626000,0
DOT,1729036800000,4.40700000,4.41100000,4.28700000,4.31400000,3164327.04000000,1729123199999,13725747.52256000,46579,1551955.18000000,6731199.05376000,0
DOT,1729123200000,4.31300000,4.35000000,4.14600000,4.19300000,2710997.96000000,1729209599999,11458108.72244000,44544,1262299.34000000,5334933.81291000,0
DOT,1729209600000,4.19300000,4.31200000,4.17300000,4.31000000,2869979.62000000,1729295999999,12196185.43876000,40366,1274322.76000000,5414455.66046000,0
DOT,1729296000000,4.31100000,4.48300000,4.31000000,4.43200000,3363117.50000000,1729382399999,14794341.83771000,47421,1552289.14000000,6826335.50030000,0
DOT,1729382400000,4.43300000,4.59400000,4.35700000,4.57900000,3366066.45000000,1729468799999,15115842.37493000,53808,1599930.87000000,7197173.37547000,0
DOT,1729468800000,4.57800000,4.61500000,4.33400000,4.37700000,3629142.83000000,1729555199999,16181954.56423000,61122,1817921.96000000,8101635.63802000,0
DOT,1729555200000,4.37800000,4.43700000,4.27100000,4.32200000,3090937.00000000,1729641599999,13438975.13422000,45842,1318675.16000000,5735679.83670000,0
DOT,1729641600000,4.32400000,4.33200000,4.10400000,4.21000000,3130845.00000000,1729727999999,13199935.21505000,55171,1508190.33000000,6357837.33536000,0
DOT,1729728000000,4.21000000,4.26000000,4.14300000,4.20600000,3252270.96000000,1729814399999,13684651.05359000,52552,1547628.27000000,6514481.60316000,0
DOT,1729814400000,4.20600000,4.22000000,3.84800000,3.99600000,5549275.62000000,1729900799999,22558947.81695000,108789,2751865.62000000,11183787.37897000,0
DOT,1729900800000,3.99600000,4.06100000,3.94300000,4.03500000,3482001.47000000,1729987199999,13979888.11519000,43907,1528693.59000000,6141547.45575000,0
DOT,1729987200000,4.03600000,4.13600000,4.00700000,4.12800000,2787235.20000000,1730073599999,11318280.25932000,33293,1421401.95000000,5771606.52754000,0
DOT,1730073600000,4.12900000,4.22600000,4.00400000,4.13200000,5064133.38000000,1730159999999,20860299.66655000,67527,2411152.66000000,9936423.92182000,0
DOT,1730160000000,4.13300000,4.25100000,4.11900000,4.19300000,5447880.20000000,1730246399999,22741558.62705000,64993,2644878.18000000,11038248.97064000,0
DOT,1730246400000,4.19300000,4.21800000,4.11900000,4.19100000,4299714.15000000,1730332799999,17948702.42749000,55548,1976156.60000000,8249486.39746000,0
DOT,1730332800000,4.19200000,4.21500000,3.90100000,3.95900000,6741494.00000000,1730419199999,27165478.93525000,70454,3056513.46000000,12271594.29632000,0
DOT,1730419200000,3.95900000,3.99600000,3.84500000,3.90800000,5578717.23000000,1730505599999,21935907.11889000,60728,3006108.65000000,11825925.91732000,0
DOT,1730505600000,3.90800000,3.94900000,3.82300000,3.90800000,3320709.06000000,1730591999999,12913749.35063000,37404,1541728.20000000,5997547.97743000,0
DOT,1730592000000,3.90800000,3.93100000,3.66500000,3.78400000,6064734.41000000,1730678399999,22855062.20248000,87232,2710097.10000000,10217067.28423000,0
DOT,1730678400000,3.78600000,3.83900000,3.67900000,3.75200000,3353577.29000000,1730764799999,12649174.82780000,41659,1554370.11000000,5862639.51278000,0
DOT,1730764800000,3.75100000,3.91900000,3.74600000,3.85500000,3347876.96000000,1730851199999,12897521.64149000,52326,1550694.82000000,5969804.29828000,0
DOT,1730851200000,3.85600000,4.13000000,3.85500000,4.11100000,9391141.87000000,1730937599999,38095046.77657000,123551,4489109.94000000,18210063.46765000,0
DOT,1730937600000,4.11100000,4.19900000,4.04500000,4.16300000,7086769.64000000,1731023999999,29214285.34685000,86396,3362425.46000000,13859156.43587000,0
DOT,1731024000000,4.16400000,4.39200000,4.11600000,4.32500000,11448594.98000000,1731110399999,49101904.78451000,132245,5561986.39000000,23840502.62734000,0
DOT,1731110400000,4.32400000,4.64100000,4.26200000,4.63000000,8503678.87000000,1731196799999,37456696.22400000,100928,4263699.07000000,18783234.82037000,0
DOT,1731196800000,4.63200000,5.47800000,4.58200000,5.24100000,35504372.79000000,1731283199999,181616069.23113000,463995,17392570.06000000,88870028.92877000,0
DOT,1731283200000,5.24200000,5.78600000,4.97200000,5.71000000,21631063.61000000,1731369599999,113557477.69406000,308036,10833305.40000000,56977268.96425000,0
DOT,1731369600000,5.71000000,5.83900000,5.11600000,5.30800000,26930359.43000000,1731455999999,146369187.21862000,470024,12316588.51000000,66988090.38447000,0
DOT,1731456000000,5.30900000,5.42900000,4.90800000,5.07300000,20191236.54000000,1731542399999,104152396.02957000,353275,9507928.77000000,49077275.15211000,0
DOT,1731542400000,5.07200000,5.21600000,4.68600000,4.77500000,13094082.94000000,1731628799999,65075478.51789000,217531,6108952.04000000,30333515.45227000,0
DOT,1731628800000,4.77700000,5.17400000,4.70400000,5.16100000,10257406.37000000,1731715199999,50852669.19840000,159210,5321253.78000000,26391556.04845000,0
DOT,1731715200000,5.16000000,5.80300000,5.13200000,5.78700000,17564833.99000000,1731801599999,96363431.62348000,305408,9029433.98000000,49481620.09356000,0
DOT,1731801600000,5.78600000,6.14700000,5.30400000,5.42400000,18374242.79000000,1731887999999,104089789.93016000,306019,9335247.08000000,52975854.72507000,0
DOT,1731888000000,5.42500000,6.10000000,5.39200000,6.00800000,16117811.20000000,1731974399999,93810676.61151000,289912,8099798.12000000,47169943.58549000,0
DOT,1731974400000,6.00800000,6.04400000,5.65900000,5.80500000,9028491.80000000,1732060799999,52790110.77118000,184668,4365262.71000000,25529737.14099000,0
DOT,1732060800000,5.80500000,6.08000000,5.53200000,5.72400000,13729161.22000000,1732147199999,80475104.06708000,260709,6738716.99000000,39511050.36412000,0
DOT,1732147200000,5.72400000,5.96800000,5.47300000,5.93000000,13681255.17000000,1732233599999,78622761.50223000,242691,6761759.99000000,38854334.03328000,0
DOT,1732233600000,5.93200000,6.68700000,5.87800000,6.63000000,21148336.67000000,1732319999999,131792163.51566000,374669,10701830.66000000,66796274.97874000,0
DOT,1732320000000,6.63100000,9.43200000,6.58500000,8.51500000,60359355.47000000,1732406399999,488516161.67068000,1229537,29830081.32000000,241563846.69399000,0
DOT,1732406400000,8.51500000,10.50000000,8.04200000,8.82500000,55980685.72000000,1732492799999,506362282.56499000,1269042,28820999.24000000,261118959.54961000,0
DOT,1732492800000,8.82400000,9.35900000,8.11000000,8.23200000,23515306.26000000,1732579199999,206296589.02029000,499054,10934623.93000000,96149567.92274000,0
DOT,1732579200000,8.23100000,8.46800000,7.55000000,8.06500000,20294174.75000000,1732665599999,162383626.05441000,452089,9883121.92000000,79130152.74563000,0
DOT,1732665600000,8.06500000,8.56800000,7.84200000,8.45600000,15952780.89000000,1732751999999,132066307.22486000,339871,7988999.73000000,66169154.74103000,0
DOT,1732752000000,8.45700000,8.75200000,8.00200000,8.61500000,12382641.04000000,1732838399999,103040894.09090000,290584,6100532.48000000,50820476.04502000,0
DOT,1732838400000,8.61500000,9.07600000,8.44000000,9.02600000,16424896.92000000,1732924799999,142901889.34631000,343708,8658812.43000000,75398442.67003000,0
DOT,1732924800000,9.02700000,9.22400000,8.60400000,8.94500000,18065505.49000000,1733011199999,161161814.30831000,386446,8600270.62000000,76710853.68654000,0
DOT,1733011200000,8.94500000,9.38800000,8.69600000,9.28900000,14685246.00000000,1733097599999,132985400.07623000,358926,7099730.60000000,64313443.34293000,0
DOT,1733097600000,9.29100000,10.19800000,8.45500000,10.01100000,30869602.68000000,1733183999999,284454249.73618000,700018,15729101.76000000,145297049.24157000,0
DOT,1733184000000,10.01100000,10.39000000,9.05500000,9.78000000,30261037.54000000,1733270399999,297014296.23261000,773201,14775391.53000000,145038757.41535000,0
DOT,1733270400000,9.78100000,11.64900000,9.66300000,10.51200000,40288736.88000000,1733356799999,432800595.52399000,996667,20295297.33000000,217817472.03932000,0
DOT,1733356800000,10.51300000,11.23300000,9.89500000,10.36900000,25573286.13000000,1733443199999,272195831.75093000,637780,12420286.98000000,132298071.34992000,0
DOT,1733443200000,10.37000000,10.88700000,10.01100000,10.67300000,16867235.82000000,1733529599999,176878636.17761000,390657,8860704.16000000,93004417.99910000,0
DOT,1733529600000,10.67300000,10.92800000,10.30600000,10.59200000,11608605.32000000,1733615999999,123318112.20788000,276300,5853896.44000000,62176298.43261000,0
DOT,1733616000000,10.59200000,10.80000000,10.10000000,10.39200000,9936977.11000000,1733702399999,103388097.89147000,232973,5214882.66000000,54253603.58464000,0
DOT,1733702400000,10.39300000,10.39700000,7.50000000,8.46800000,30556061.58000000,1733788799999,276485826.55016000,726480,15039414.70000000,135861851.26048000,0
DOT,1733788800000,8.46800000,8.71800000,7.59000000,8.39500000,23727142.47000000,1733875199999,195806667.14147000,531387,11705914.33000000,96719163.90098000,0
DOT,1733875200000,8.39400000,9.26900000,8.02300000,8.99300000,16541944.16000000,1733961599999,145343557.87661000,307678,8313346.91000000,73139265.88723000,0
DOT,1733961600000,8.99300000,9.66900000,8.91100000,9.06100000,17978417.97000000,1734047999999,166091704.84427000,331252,9326221.87000000,86238723.20952000,0
DOT,1734048000000,9.06200000,9.23400000,8.77200000,9.08900000,11250987.35000000,1734134399999,101303527.08730000,219145,5671462.71000000,51089108.08449000,0
DOT,1734134400000,9.08800000,9.21200000,8.34700000,8.55100000,10546490.88000000,1734220799999,92005179.26440000,186958,5332720.41000000,46531154.18683000,0
DOT,1734220800000,8.55300000,9.26400000,8.36700000,9.02800000,12168923.08000000,1734307199999,107736046.88319000,228624,6482212.71000000,57394693.08218000,0
DOT,1734307200000,9.02800000,9.20400000,8.58700000,8.75600000,11767882.69000000,1734393599999,104792203.54741000,238401,5546709.05000000,49411973.09376000,0
DOT,1734393600000,8.75600000,8.97200000,8.37900000,8.48700000,9689503.83000000,1734479999999,84365735.46092000,210387,4606654.56000000,40130279.14099000,0
DOT,1734480000000,8.49000000,8.54500000,7.56300000,7.67900000,14284782.32000000,1734566399999,115825808.85900000,319289,6845430.87000000,55501906.53208000,0
DOT,1734566400000,7.67900000,7.80200000,6.76000000,6.94100000,22054262.66000000,1734652799999,161165199.42366000,441293,11120317.88000000,81464483.80442000,0
DOT,1734652800000,6.94200000,7.36000000,6.01000000,7.29000000,23182838.78000000,1734739199999,154686227.04389000,416255,11824981.50000000,78997680.40722000,0
DOT,1734739200000,7.29100000,7.80200000,6.83600000,6.97300000,12411891.98000000,1734825599999,90177708.30120000,233373,6083796.93000000,44214933.38853000,0
DOT,1734825600000,6.97600000,7.27000000,6.68200000,6.84200000,8776666.68000000,1734911999999,61095904.75564000,151983,4401856.35000000,30656510.91574000,0
DOT,1734912000000,6.84400000,7.57200000,6.65400000,7.38500000,10441949.73000000,1734998399999,73711723.82206000,196080,5037850.81000000,35584287.70727000,0
DOT,1734998400000,7.38400000,7.64000000,7.15400000,7.55200000,7945555.67000000,1735084799999,58863793.85665000,140063,4100248.55000000,30368920.91337000,0
DOT,1735084800000,7.55100000,7.67800000,7.35300000,7.50200000,5305255.63000000,1735171199999,39701438.66863000,104374,2627212.77000000,19661175.25253000,0
DOT,1735171200000,7.50200000,7.59200000,6.88100000,6.93200000,5952209.03000000,1735257599999,42281673.81255000,114773,2890798.12000000,20530536.21472000,0
DOT,1735257600000,6.93300000,7.31200000,6.81500000,6.91000000,6318307.40000000,1735343999999,44442597.79320000,121691,3108713.73000000,21858795.27898000,0
DOT,1735344000000,6.91200000,7.18400000,6.79200000,7.11300000,4219904.23000000,1735430399999,29358460.19204000,77581,2118051.35000000,14749305.88844000,0
DOT,1735430400000,7.11400000,7.15200000,6.81000000,6.86500000,3618120.74000000,1735516799999,25317807.49957000,72017,1728997.02000000,12106472.44844000,0
DOT,1735516800000,6.86700000,7.10900000,6.53700000,6.70400000,6758873.72000000,1735603199999,45867526.05747000,123881,3300787.61000000,22408624.67140000,0
DOT,1735603200000,6.70600000,6.92900000,6.56500000,6.64300000,4270052.58000000,1735689599999,28683741.65600000,81059,2069279.80000000,13899457.09765000,0
DOT,1735689600000,6.64200000,7.14100000,6.52000000,7.05100000,4854650.19000000,1735775999999,33243559.05772000,94540,2333502.86000000,15993805.99942000,0
DOT,1735776000000,7.05200000,7.36000000,7.05100000,7.17700000,5662998.77000000,1735862399999,40879123.76941000,116141,2780538.54000000,20074151.77783000,0
DOT,1735862400000,7.17900000,8.04400000,7.13500000,7.75400000,10892070.17000000,1735948799999,83477905.04738000,190285,5514996.04000000,42272481.91229000,0
DOT,1735948800000,7.75300000,7.88200000,7.60400000,7.67700000,5399719.09000000,1736035199999,41742764.45914000,96872,2682824.83000000,20743804.11467000,0
DOT,1736035200000,7.67800000,7.73500000,7.46000000,7.67100000,3864962.36000000,1736121599999,29389920.34466000,72382,1877012.27000000,14277865.30767000,0
DOT,1736121600000,7.67200000,7.98800000,7.54000000,7.76800000,7081416.98000000,1736207999999,54984695.00266000,126328,3563332.64000000,27671444.07027000,0
DOT,1736208000000,7.77000000,7.88800000,7.00600000,7.01400000,12003377.11000000,1736294399999,89383885.11418000,211827,5819877.08000000,43361714.72763000,0
DOT,1736294400000,7.01300000,7.13600000,6.42100000,6.76000000,12158592.89000000,1736380799999,82605839.72770000,201670,5778073.36000000,39270057.59654000,0
DOT,1736380800000,6.75900000,6.84700000,6.45400000,6.55900000,7236598.90000000,1736467199999,48101824.44933000,121609,3450012.66000000,22961645.51480000,0
DOT,1736467200000,6.55800000,6.81000000,6.48200000,6.73200000,6645927.74000000,1736553599999,44240403.61073000,115176,3398370.72000000,22629759.03772000,0
DOT,1736553600000,6.73100000,6.87800000,6.58200000,6.74200000,3109598.81000000,1736639999999,20826689.69448000,66834,1455549.64000000,9758836.73449000,0
DOT,1736640000000,6.74100000,6.81700000,6.54200000,6.63200000,2241615.84000000,1736726399999,15016059.50107000,45172,1078258.11000000,7225908.00723000,0
DOT,1736726400000,6.63200000,6.80800000,6.00000000,6.39600000,10199678.51000000,1736812799999,64239204.83461000,188229,5234371.09000000,32956011.28340000,0
DOT,1736812800000,6.39700000,6.69000000,6.36700000,6.66500000,5174378.72000000,1736899199999,33667612.12478000,95908,2666923.13000000,17349527.16141000,0
DOT,1736899200000,6.66800000,7.19600000,6.55800000,7.16500000,9177823.38000000,1736985599999,63109151.99765000,165320,4724151.31000000,32492938.63636000,0
DOT,1736985600000,7.16600000,7.39300000,6.84700000,7.15000000,10781374.02000000,1737071999999,77050710.06064000,211336,5435027.05000000,38845717.30000000,0
DOT,1737072000000,7.15400000,7.60000000,7.15200000,7.50300000,8017976.75000000,1737158399999,59318992.42498000,149265,4032311.79000000,29835594.57070000,0
DOT,1737158400000,7.50400000,7.58900000,6.83900000,7.04300000,8528830.03000000,1737244799999,60425364.34095000,159762,4056124.95000000,28732635.60262000,0
DOT,1737244800000,7.04300000,7.23700000,6.11000000,6.24700000,18463335.53000000,1737331199999,122447118.41131000,341965,8828135.79000000,58632844.06901000,0
DOT,1737331200000,6.24600000,7.10900000,6.05400000,6.38100000,21982145.76000000,1737417599999,142145417.23696000,428022,10624422.27000000,68813601.43558000,0
DOT,1737417600000,6.38100000,6.84500000,6.15500000,6.62200000,8255422.94000000,1737503999999,53606715.74173000,166517,4007424.42000000,26040807.39089000,0
DOT,1737504000000,6.62300000,6.69600000,6.41200000,6.44700000,4674155.01000000,1737590399999,30697513.91160000,103355,2215649.64000000,14549999.43030000,0
DOT,1737590400000,6.44700000,6.50300000,6.19100000,6.35100000,6958597.48000000,1737676799999,44105927.12862000,132219,3469926.51000000,21999424.89726000,0
DOT,1737676800000,6.35100000,6.54600000,6.20300000,6.32000000,4639656.86000000,1737763199999,29663019.71726000,75822,2269216.13000000,14508331.41454000,0
DOT,1737763200000,6.31900000,6.41000000,6.24600000,6.32300000,3418652.69000000,1737849599999,21638569.56774000,53842,1650660.35000000,10451133.75911000,0
DOT,1737849600000,6.32300000,6.47000000,6.16600000,6.17700000,3801099.68000000,1737935999999,24056036.93107000,69887,1770498.62000000,11209426.84770000,0
DOT,1737936000000,6.17600000,6.21200000,5.48500000,5.95300000,12932411.15000000,1738022399999,75005877.71120000,206013,6070202.80000000,35250692.55778000,0
DOT,1738022400000,5.95300000,6.03700000,5.60000000,5.64900000,5048053.65000000,1738108799999,29604653.84519000,90408,2282133.79000000,13384491.85132000,0
DOT,1738108800000,5.64800000,5.88100000,5.54400000,5.76800000,6047240.35000000,1738195199999,34660578.88806000,106514,2975719.84000000,17059478.98597000,0
DOT,1738195200000,5.76700000,6.25700000,5.72200000,6.12500000,5322849.22000000,1738281599999,32264526.71484000,95088,2521017.58000000,15271304.52567000,0
DOT,1738281600000,6.12500000,6.49900000,6.02900000,6.32100000,8668790.29000000,1738367999999,54551317.92092000,143316,4238949.76000000,26699756.11130000,0
DOT,1738368000000,6.32200000,6.49200000,5.86100000,5.90500000,6999151.58000000,1738454399999,43729791.24776000,119497,3372252.35000000,21083006.03717000,0
DOT,1738454400000,5.90600000,6.04800000,4.86300000,5.15300000,17423977.29000000,1738540799999,94054582.95351000,275392,8424782.05000000,45521441.53520000,0
DOT,1738540800000,5.15500000,5.28000000,3.78000000,5.17600000,44336682.05000000,1738627199999,202947672.53420000,733019,21807863.63000000,99965830.61810000,0
DOT,1738627200000,5.17700000,5.22900000,4.58100000,4.74200000,16164176.00000000,1738713599999,77585820.91313000,249624,8068002.38000000,38687062.62503000,0
DOT,1738713600000,4.74300000,4.86500000,4.62800000,4.68900000,6698304.03000000,1738799999999,31817396.22512000,133306,3428248.58000000,16296036.83003000,0
DOT,1738800000000,4.68900000,4.83800000,4.44100000,4.49000000,6626961.02000000,1738886399999,30663679.50018000,125782,3268238.12000000,15110863.05461000,0
DOT,1738886400000,4.49000000,4.93800000,4.45900000,4.59300000,9796463.72000000,1738972799999,46069424.52144000,170753,4910104.72000000,23103271.50219000,0
DOT,1738972800000,4.59400000,4.76500000,4.49900000,4.74500000,4650038.29000000,1739059199999,21408624.47075000,88835,2338742.63000000,10773887.45149000,0
DOT,1739059200000,4.74500000,4.87800000,4.51100000,4.76200000,7038964.34000000,1739145599999,33382952.55632000,126782,3519031.84000000,16701269.74321000,0
DOT,1739145600000,4.76300000,4.92000000,4.60800000,4.84500000,7055381.19000000,1739231999999,33963107.56035000,151287,3706196.89000000,17851580.33669000,0
DOT,1739232000000,4.84600000,5.21000000,4.74900000,4.80900000,9664290.61000000,1739318399999,48092494.39658000,179353,4935650.84000000,24547948.99677000,0
DOT,1739318400000,4.80900000,5.33200000,4.75200000,5.22700000,15217967.69000000,1739404799999,76387644.97893000,267926,7174417.47000000,35983384.65054000,0
DOT,1739404800000,5.22800000,5.27700000,5.06700000,5.13100000,6378691.02000000,1739491199999,32892476.25896000,139497,3234216.13000000,16676101.59015000,0
DOT,1739491200000,5.13200000,5.37800000,5.10000000,5.17000000,6591725.25000000,1739577599999,34458402.38985000,125833,3323000.76000000,17375204.75081000,0
DOT,1739577600000,5.17000000,5.22000000,4.97600000,5.02200000,4188333.30000000,1739663999999,21309634.37438000,81045,1933784.35000000,9841458.77818000,0
DOT,1739664000000,5.02200000,5.04700000,4.82600000,4.88000000,3661323.85000000,1739750399999,18041643.15161000,75461,1664341.27000000,8203732.80711000,0
DOT,1739750400000,4.88000000,5.07000000,4.77600000,4.89000000,6062988.09000000,1739836799999,29747663.84043000,108434,3002655.01000000,14736639.68334000,0
DOT,1739836800000,4.89000000,4.91800000,4.56000000,4.76900000,7479844.27000000,1739923199999,35401333.72014000,142732,3797910.22000000,17986260.19988000,0
DOT,1739923200000,4.77000000,4.90800000,4.69900000,4.88600000,4658637.52000000,1740009599999,22463306.77473000,98660,2408992.88000000,11621817.13488000,0
DOT,1740009600000,4.88600000,5.06900000,4.88100000,5.04700000,6201014.48000000,1740095999999,30896537.28438000,115087,2938549.29000000,14644507.02837000,0
DOT,1740096000000,5.04700000,5.33900000,4.95200000,5.06100000,11452215.06000000,1740182399999,59144646.00061000,201261,5216111.63000000,26935241.19565000,0
DOT,1740182400000,5.06200000,5.21600000,5.02500000,5.04300000,5842036.36000000,1740268799999,29810432.46009000,99472,2817311.98000000,14375794.34331000,0
DOT,1740268800000,5.04300000,5.13500000,4.90500000,4.95300000,3679542.01000000,1740355199999,18479372.25974000,73707,1746792.84000000,8775724.73937000,0
DOT,1740355200000,4.95300000,4.98100000,4.33600000,4.41600000,9862579.39000000,1740441599999,45790466.25867000,181286,4949971.68000000,23004489.46032000,0
DOT,1740441600000,4.41600000,4.75800000,4.13800000,4.64000000,19174046.17000000,1740527999999,84262017.17944000,290984,9688429.11000000,42590713.52638000,0
DOT,1740528000000,4.64000000,4.93100000,4.59100000,4.75400000,12186062.66000000,1740614399999,58110608.18479000,219023,5954542.11000000,28409154.41800000,0
DOT,1740614400000,4.75500000,5.18300000,4.71400000,4.93400000,13238904.52000000,1740700799999,66072774.30909000,208649,6468368.43000000,32259093.59220000,0
DOT,1740700800000,4.93400000,4.93500000,4.45400000,4.71200000,14950436.65000000,1740787199999,69431164.52674000,282803,7083467.46000000,32889179.01789000,0
DOT,1740787200000,4.71300000,4.81900000,4.52500000,4.66400000,6300022.18000000,1740873599999,29319655.79143000,117188,3006941.46000000,13998901.40347000,0
DOT,1740873600000,4.66300000,5.23000000,4.56800000,5.20500000,14370599.81000000,1740959999999,71023839.18815000,273565,7007984.36000000,34635346.34633000,0
DOT,1740960000000,5.20500000,5.25000000,4.43500000,4.47300000,14498771.22000000,1741046399999,70039849.52499000,314155,7026989.45000000,33970639.75541000,0
DOT,1741046400000,4.47400000,4.51500000,4.01700000,4.33000000,16361521.68000000,1741132799999,69736115.41545000,304317,8285163.52000000,35304394.00100000,0
DOT,1741132800000,4.33000000,4.54900000,4.27800000,4.52600000,7554050.49000000,1741219199999,33242894.90277000,110871,3720179.10000000,16380477.14520000,0
DOT,1741219200000,4.52500000,4.66400000,4.34300000,4.43100000,7174387.38000000,1741305599999,32228062.56605000,111294,3522888.29000000,15830565.29966000,0
DOT,1741305600000,4.43100000,4.67700000,4.21300000,4.41300000,12234991.06000000,1741391999999,55005773.61290000,184724,6009886.50000000,27023360.07116000,0
DOT,1741392000000,4.41200000,4.44600000,4.26000000,4.28900000,4166889.83000000,1741478399999,18123616.97150000,71908,2023047.77000000,8802822.18579000,0
DOT,1741478400000,4.28900000,4.35300000,3.97800000,4.01900000,8567666.17000000,1741564799999,35586918.80742000,119722,3823823.03000000,15895777.00169000,0
DOT,1741564800000,4.01900000,4.28500000,3.77500000,3.86800000,11244883.73000000,1741651199999,45402780.00654000,170281,5286741.07000000,21392965.67189000,0
DOT,1741651200000,3.87000000,4.12300000,3.65000000,4.04200000,11221604.68000000,1741737599999,43769628.43574000,165697,5484689.48000000,21428080.34347000,0
DOT,1741737600000,4.04400000,4.09700000,3.84700000,3.96800000,9411906.66000000,1741823999999,37514123.44410000,120929,5073984.08000000,20230465.01191000,0
DOT,1741824000000,3.96800000,4.10900000,3.82600000,3.98100000,7535359.95000000,1741910399999,29891231.34995000,95434,3817995.57000000,15142218.87259000,0
DOT,1741910400000,3.98000000,4.22800000,3.96900000,4.18700000,7564082.21000000,1741996799999,31249570.66996000,92817,3931627.44000000,16244229.47302000,0
DOT,1741996800000,4.18700000,4.42900000,4.18600000,4.34900000,4603294.28000000,1742083199999,19892249.77856000,72994,2229183.01000000,9625657.84484000,0
DOT,1742083200000,4.35000000,4.36600000,4.18300000,4.29800000,4860914.03000000,1742169599999,20839179.10875000,81076,2284152.70000000,9793276.07697000,0
DOT,1742169600000,4.29800000,4.46800000,4.29800000,4.37000000,4964214.66000000,1742255999999,21822005.26420000,85102,2491777.46000000,10954333.81902000,0
DOT,1742256000000,4.37200000,4.48700000,4.23200000,4.45000000,4943541.34000000,1742342399999,21364537.49200000,85313,2416714.32000000,10450653.11308000,0
DOT,1742342400000,4.45000000,4.59600000,4.43800000,4.53800000,7492558.96000000,1742428799999,33867600.18981000,121492,3719443.75000000,16812531.28188000,0
DOT,1742428800000,4.53800000,4.56700000,4.32700000,4.39900000,4472127.93000000,1742515199999,19766437.71043000,76918,2135342.66000000,9435121.95817000,0
DOT,1742515200000,4.40000000,4.58600000,4.37800000,4.49900000,5759787.32000000,1742601599999,25824060.86648000,98687,2760688.02000000,12377265.70526000,0
DOT,1742601600000,4.50000000,4.54700000,4.41500000,4.44600000,3327416.15000000,1742687999999,14884753.97717000,60812,1646884.68000000,7366586.29198000,0
DOT,1742688000000,4.44600000,4.51800000,4.40000000,4.50200000,2678878.36000000,1742774399999,11938772.51575000,49106,1321408.92000000,5888362.36915000,0
DOT,1742774400000,4.50300000,4.77300000,4.46900000,4.62000000,5907545.08000000,1742860799999,27545851.99246000,114916,2762158.45000000,12875006.40433000,0
DOT,1742860800000,4.62000000,4.72100000,4.58200000,4.63700000,3866173.71000000,1742947199999,17997907.50254000,62227,1880590.72000000,8755292.00309000,0
DOT,1742947200000,4.63700000,4.76700000,4.59600000,4.69400000,5629934.83000000,1743033599999,26385206.37269000,82380,2799584.18000000,13113755.54878000,0
DOT,1743033600000,4.69500000,4.75900000,4.49500000,4.62500000,5678166.73000000,1743119999999,26282376.30249000,82314,2880656.99000000,13330940.09589000,0
DOT,1743120000000,4.62300000,4.64600000,4.24200000,4.28200000,5665177.03000000,1743206399999,24664573.42327000,87773,2641597.62000000,11484765.10895000,0
DOT,1743206400000,4.28200000,4.30400000,3.99600000,4.05000000,4478918.92000000,1743292799999,18416274.94070000,60001,2056888.73000000,8450256.30061000,0
DOT,1743292800000,4.05000000,4.17300000,3.98500000,4.04200000,3302917.68000000,1743379199999,13489067.99243000,49789,1635251.30000000,6683374.76323000,0
DOT,1743379200000,4.04300000,4.09300000,3.94900000,4.02000000,4622562.33000000,1743465599999,18612600.45437000,57577,2348559.81000000,9456950.09413000,0
DOT,1743465600000,4.02100000,4.28200000,4.01500000,4.17100000,4417348.85000000,1743551999999,18446448.51082000,63437,2259214.74000000,9431975.02059000,0
DOT,1743552000000,4.17100000,4.24000000,3.91100000,3.96500000,6989787.29000000,1743638399999,28697020.10393000,96232,3362206.84000000,13801248.72944000,0
DOT,1743638400000,3.96500000,4.11100000,3.84500000,4.05900000,5063977.24000000,1743724799999,20124962.32355000,75552,2376831.91000000,9459094.74694000,0
DOT,1743724800000,4.06000000,4.13100000,3.94600000,4.03500000,4789003.50000000,1743811199999,19400131.17652000,69545,2426275.88000000,9831751.06859000,0
DOT,1743811200000,4.03400000,4.06900000,3.89700000,3.95600000,2096452.45000000,1743897599999,8312692.42919000,33727,1001927.67000000,3971374.27352000,0
DOT,1743897600000,3.95500000,3.97600000,3.60100000,3.68300000,6022544.15000000,1743983999999,22780191.53283000,109315,2744278.79000000,10377112.11244000,0
DOT,1743984000000,3.68500000,3.73500000,3.28200000,3.59300000,15127726.43000000,1744070399999,53106083.73806000,235409,7673125.69000000,26915823.81251000,0
DOT,1744070400000,3.59200000,3.70600000,3.34200000,3.37800000,5407861.13000000,1744156799999,19214035.31453000,99875,2680667.41000000,9528865.19587000,0
DOT,1744156800000,3.37700000,3.75300000,3.25000000,3.64300000,11027926.38000000,1744243199999,38644970.63227000,172602,5395151.04000000,18911138.43921000,0
DOT,1744243200000,3.64300000,3.65000000,3.38900000,3.46300000,7342100.40000000,1744329599999,25713225.08489000,97417,3707847.54000000,12988340.63156000,0
DOT,1744329600000,3.46200000,3.59900000,3.45000000,3.55700000,5169131.93000000,1744415999999,18210104.07846000,66128,2299536.13000000,8106540.73196000,0
DOT,1744416000000,3.55800000,3.75600000,3.52500000,3.71300000,4420760.89000000,1744502399999,16213880.21817000,59446,2114125.13000000,7757205.23343000,0
DOT,1744502400000,3.71300000,3.81600000,3.61500000,3.66800000,6619352.13000000,1744588799999,24512218.15014000,83080,3485220.68000000,12914682.81519000,0
DOT,1744588800000,3.66900000,3.79800000,3.63300000,3.67700000,5218014.54000000,1744675199999,19399479.06089000,78953,2684428.37000000,9979608.09435000,0
DOT,1744675200000,3.67600000,3.73500000,3.51600000,3.51900000,4692519.65000000,1744761599999,17067918.11525000,74167,2203694.13000000,8021066.03067000,0
DOT,1744761600000,3.51900000,3.61900000,3.46900000,3.55700000,4278941.46000000,1744847999999,15156297.33255000,65749,2106421.00000000,7466525.43971000,0
DOT,1744848000000,3.55700000,3.69800000,3.54000000,3.63400000,3658951.76000000,1744934399999,13306605.40582000,61775,1811790.60000000,6587540.86049000,0
DOT,1744934400000,3.63600000,3.74800000,3.61300000,3.67500000,2261720.31000000,1745020799999,8349845.00944000,43780,1051826.37000000,3883316.24000000,0
DOT,1745020800000,3.67500000,3.89200000,3.64500000,3.88000000,2997616.30000000,1745107199999,11258754.33272000,44305,1384417.80000000,5197996.74915000,0
DOT,1745107200000,3.88000000,3.95200000,3.78700000,3.87800000,3877366.27000000,1745193599999,15032456.82721000,61831,1842256.94000000,7140252.91293000,0
DOT,1745193600000,3.87900000,3.98200000,3.77100000,3.78000000,4698554.41000000,1745279999999,18310416.41735000,66634,2304025.89000000,8979221.61454000,0
DOT,1745280000000,3.78000000,4.04000000,3.68900000,4.00700000,7580714.41000000,1745366399999,29130025.89960000,111369,3981312.62000000,15293992.60039000,0
DOT,1745366400000,4.00800000,4.19800000,3.99900000,4.09300000,7854197.12000000,1745452799999,32163360.06342000,128773,3924007.93000000,16069423.20707000,0
DOT,1745452800000,4.09300000,4.28600000,3.92900000,4.26900000,6601559.83000000,1745539199999,27028911.05917000,101444,3124448.11000000,12803960.24538000,0
DOT,1745539200000,4.26800000,4.37400000,4.21500000,4.25400000,6676283.69000000,1745625599999,28631883.35244000,106913,3338811.91000000,14313626.00451000,0
DOT,1745625600000,4.25400000,4.36200000,4.20100000,4.26300000,4527685.25000000,1745711999999,19398530.39940000,67971,2331683.29000000,9991996.02607000,0
DOT,1745712000000,4.26400000,4.29100000,4.05600000,4.09000000,5800570.80000000,1745798399999,23934326.15395000,78025,2866540.67000000,11827166.71567000,0
DOT,1745798400000,4.09000000,4.26700000,4.00900000,4.24200000,5819426.05000000,1745884799999,24277650.26853000,89859,2889147.23000000,12053179.17221000,0
DOT,1745884800000,4.24200000,4.33000000,4.10100000,4.14700000,3884592.85000000,1745971199999,16492193.97532000,69421,1824108.69000000,7745743.97131000,0
DOT,1745971200000,4.14600000,4.17500000,4.02600000,4.06500000,4199576.05000000,1746057599999,17225903.43127000,74041,1828310.54000000,7502115.20129000,0
DOT,1746057600000,4.06600000,4.22400000,4.06400000,4.17700000,3925860.31000000,1746143999999,16310211.58870000,59680,2013583.35000000,8366592.61134000,0
DOT,1746144000000,4.17700000,4.28700000,4.12600000,4.16100000,3231292.82000000,1746230399999,13584720.47159000,56806,1428983.05000000,6008059.48027000,0
DOT,1746230400000,4.16100000,4.17200000,4.01200000,4.02800000,2386438.85000000,1746316799999,9770735.75926000,41297,1060428.58000000,4345441.41323000,0
DOT,1746316800000,4.02800000,4.05100000,3.89400000,3.92000000,4232639.09000000,1746403199999,16832510.33527000,56855,2084252.46000000,8294968.27692000,0
DOT,1746403200000,3.91900000,4.02200000,3.88400000,3.91800000,3957728.74000000,1746489599999,15583547.87631000,53905,1913418.11000000,7533527.60428000,0
DOT,1746489600000,3.91800000,3.97700000,3.82300000,3.97100000,4277490.05000000,1746575999999,16647357.33486000,58381,1904669.65000000,7416181.47635000,0
DOT,1746576000000,3.97200000,4.00700000,3.88000000,3.96900000,2714666.36000000,1746662399999,10722428.10713000,42851,1305600.71000000,5157361.70321000,0
DOT,1746662400000,3.96800000,4.49400000,3.96600000,4.45600000,8866998.35000000,1746748799999,37857544.83749000,128737,4463929.71000000,19070402.99258000,0
DOT,1746748800000,4.45500000,4.86300000,4.43400000,4.79900000,11614442.99000000,1746835199999,54075725.50422000,195060,5552111.06000000,25837698.57125000,0
DOT,1746835200000,4.79900000,5.32300000,4.79700000,5.30900000,11854751.74000000,1746921599999,59975887.70994000,226499,5775502.12000000,29249698.39611000,0
DOT,1746921600000,5.30900000,5.36200000,4.95400000,5.09700000,8101384.06000000,1747007999999,41321350.97102000,158765,3867634.60000000,19737219.36435000,0
DOT,1747008000000,5.09700000,5.40000000,4.89000000,5.06800000,9921543.44000000,1747094399999,51272954.62515000,221378,4981305.52000000,25772689.68772000,0
DOT,1747094400000,5.06900000,5.27300000,4.82300000,5.19500000,6748215.11000000,1747180799999,33947513.86252000,129114,3255718.69000000,16387138.50751000,0
DOT,1747180800000,5.19400000,5.26700000,4.94700000,4.98000000,5284499.60000000,1747267199999,26933285.50359000,108903,2383257.42000000,12156512.93212000,0
DOT,1747267200000,4.98100000,5.02800000,4.67900000,4.77900000,7496534.85000000,1747353599999,36075159.04859000,128537,3805301.12000000,18316547.80885000,0
DOT,1747353600000,4.77800000,4.95600000,4.71100000,4.75500000,4420510.08000000,1747439999999,21419277.14438000,86430,2165355.68000000,10500415.55329000,0
DOT,1747440000000,4.75500000,4.76800000,4.55700000,4.61200000,3799964.46000000,1747526399999,17716336.13431000,82251,1912931.09000000,8920381.12533000,0
DOT,1747526400000,4.61300000,4.92100000,4.50800000,4.79300000,4741500.76000000,1747612799999,22382505.92091000,94925,2319304.14000000,10943774.10885000,0
DOT,1747612800000,4.79400000,4.82100000,4.41200000,4.59600000,5563926.25000000,1747699199999,25288508.28723000,109919,2607074.92000000,11858418.45071000,0
DOT,1747699200000,4.59700000,4.72700000,4.51900000,4.67700000,4133769.06000000,1747785599999,19064153.19373000,87956,1916822.25000000,8846474.88771000,0
DOT,1747785600000,4.67700000,4.87700000,4.61200000,4.74000000,6374820.22000000,1747871999999,30074951.66896000,127248,3202320.24000000,15115669.16237000,0
DOT,1747872000000,4.74100000,4.97700000,4.73200000,4.94800000,4934402.45000000,1747958399999,24070590.66579000,94638,2429196.24000000,11853524.40016000,0
DOT,1747958400000,4.94800000,5.12000000,4.53100000,4.56100000,10214231.78000000,1748044799999,49463918.76731000,184794,4891652.63000000,23761673.41517000,0
DOT,1748044800000,4.56200000,4.63300000,4.51100000,4.54500000,3091142.26000000,1748131199999,14183295.70758000,67200,1465635.62000000,6727448.52337000,0
DOT,1748131200000,4.54600000,4.56400000,4.35000000,4.52300000,3942315.10000000,1748217599999,17574502.99951000,84934,1799403.37000000,8026332.14822000,0
DOT,1748217600000,4.52300000,4.61700000,4.42600000,4.46800000,3794527.16000000,1748303999999,17172749.48579000,73519,1786371.24000000,8085237.09258000,0
DOT,1748304000000,4.46800000,4.61400000,4.37300000,4.53500000,3874357.43000000,1748390399999,17567270.89795000,74880,1909084.52000000,8662571.58012000,0
DOT,1748390400000,4.53600000,4.66100000,4.41900000,4.58700000,4289732.20000000,1748476799999,19466976.74673000,82731,2100431.83000000,9536611.87762000,0
DOT,1748476800000,4.58800000,4.68200000,4.33000000,4.33200000,4814923.20000000,1748563199999,21822337.54306000,85482,2416497.31000000,10963114.66907000,0
DOT,1748563200000,4.33300000,4.35800000,4.00800000,4.04900000,8486843.25000000,1748649599999,35385205.26849000,139910,4049401.90000000,16888344.75924000,0
DOT,1748649600000,4.04900000,4.12100000,3.89500000,4.07600000,5429234.96000000,1748735999999,21774544.98340000,90597,2624912.27000000,10524878.68956000,0
DOT,1748736000000,4.07700000,4.10200000,3.97100000,4.06600000,2555495.93000000,1748822399999,10339304.63650000,50061,1360590.11000000,5508512.59739000,0
DOT,1748822400000,4.06600000,4.17100000,3.95200000,4.14800000,3601436.52000000,1748908799999,14548595.17963000,59863,1698283.22000000,6865450.86227000,0
DOT,1748908800000,4.14900000,4.22300000,4.09700000,4.13700000,3668892.34000000,1748995199999,15293548.21726000,59104,1744469.47000000,7273771.28714000,0
DOT,1748995200000,4.13700000,4.21400000,3.98500000,4.00600000,5036516.92000000,1749081599999,20666912.36441000,66246,2577645.97000000,10586914.66578000,0
DOT,1749081600000,4.00600000,4.07800000,3.74200000,3.81400000,6640572.84000000,1749167999999,26049696.81582000,107730,3218645.46000000,12633001.86266000,0
DOT,1749168000000,3.81400000,3.99200000,3.80200000,3.88400000,3530206.93000000,1749254399999,13806599.21622000,58440,1799715.69000000,7039230.19222000,0
DOT,1749254400000,3.88600000,4.05800000,3.86800000,4.03100000,2274474.36000000,1749340799999,9105229.27172000,34519,1179050.65000000,4717325.26831000,0
DOT,1749340800000,4.03100000,4.11200000,3.97700000,4.02500000,2726928.43000000,1749427199999,11047026.10726000,38159,1313494.43000000,5323800.54109000,0
DOT,1749427200000,4.02600000,4.16200000,3.96300000,4.15100000,4628656.78000000,1749513599999,18745020.62485000,56359,2167938.88000000,8790196.40432000,0
DOT,1749513600000,4.15200000,4.31700000,4.09700000,4.29400000,6662210.27000000,1749599999999,28115017.89895000,88726,3336413.93000000,14082926.29038000,0
DOT,1749600000000,4.29500000,4.34600000,4.14600000,4.18900000,5328497.22000000,1749686399999,22710210.94322000,76185,2500874.07000000,10672111.99322000,0
DOT,1749686400000,4.18800000,4.20400000,3.90700000,3.91900000,5999705.47000000,1749772799999,24319792.43220000,82855,2941965.33000000,11934310.53630000,0
DOT,1749772800000,3.91900000,3.91900000,3.66400000,3.83800000,9117736.81000000,1749859199999,34520828.85073000,136245,4438620.61000000,16802429.93665000,0
DOT,1749859200000,3.83800000,3.84600000,3.71600000,3.78100000,2930108.58000000,1749945599999,11099648.82719000,39568,1329309.06000000,5037314.76827000,0
DOT,1749945600000,3.78200000,3.83400000,3.73500000,3.82100000,1774308.52000000,1750031999999,6722221.63703000,32858,902855.93000000,3421889.36039000,0
DOT,1750032000000,3.82100000,3.99100000,3.78600000,3.84700000,4011866.39000000,1750118399999,15689055.96405000,58486,1879836.22000000,7350898.67779000,0
DOT,1750118400000,3.84600000,3.89700000,3.66300000,3.71900000,5144535.08000000,1750204799999,19358889.35551000,73349,2444785.68000000,9205177.34036000,0
DOT,1750204800000,3.71900000,3.78600000,3.57200000,3.62200000,6307506.25000000,1750291199999,23022607.40297000,82876,2649698.20000000,9683750.63802000,0
DOT,1750291200000,3.62200000,3.65700000,3.49600000,3.54800000,6333647.02000000,1750377599999,22613412.42896000,65731,2577885.31000000,9202452.71294000,0
DOT,1750377600000,3.54700000,3.57700000,3.33000000,3.43700000,7730014.20000000,1750463999999,26776699.46793000,85268,3236233.84000000,11213699.37917000,0
DOT,1750464000000,3.43700000,3.50800000,3.20900000,3.32400000,5927367.37000000,1750550399999,19991562.12894000,72359,2521773.60000000,8492917.30544000,0
DOT,1750550400000,3.32500000,3.36300000,3.00700000,3.15300000,11019675.81000000,1750636799999,34950831.97557000,142255,5037701.92000000,15990281.56871000,0
DOT,1750636800000,3.15300000,3.42100000,3.11100000,3.41600000,8879579.75000000,1750723199999,28957754.83726000,106245,4284297.30000000,13973084.86825000,0
DOT,1750723200000,3.41600000,3.52500000,3.38500000,3.43900000,4687786.75000000,1750809599999,16125431.26595000,64500,2260205.94000000,7775712.74439000,0
DOT,1750809600000,3.43800000,3.46500000,3.34100000,3.35200000,3894305.42000000,1750895999999,13255574.27421000,47982,1865945.53000000,6352366.73786000,0
DOT,1750896000000,3.35200000,3.43300000,3.27100000,3.29900000,3980149.78000000,1750982399999,13292768.83147000,49441,1913609.46000000,6390096.39661000,0
DOT,1750982400000,3.29900000,3.39400000,3.27400000,3.35900000,3955846.51000000,1751068799999,13169767.74878000,50281,1964277.00000000,6541756.89328000,0
DOT,1751068800000,3.36000000,3.42600000,3.33000000,3.40700000,1866680.64000000,1751155199999,6302639.11863000,22221,893876.73000000,3019304.49753000,0
DOT,1751155200000,3.40800000,3.58200000,3.37900000,3.54100000,2800833.68000000,1751241599999,9697718.23224000,37258,1327370.56000000,4594240.12510000,0
DOT,1751241600000,3.54200000,3.56000000,3.35200000,3.39700000,3677669.93000000,1751327999999,12629243.19344000,49972,1832344.69000000,6293210.77454000,0
DOT,1751328000000,3.39700000,3.42000000,3.25600000,3.28100000,3435357.79000000,1751414399999,11444382.01102000,40172,1766902.35000000,5889065.75917000,0
DOT,1751414400000,3.28000000,3.62500000,3.24100000,3.54500000,6939908.98000000,1751500799999,24139240.06007000,76135,3594358.41000000,12501223.43380000,0
DOT,1751500800000,3.54500000,3.66500000,3.49900000,3.53900000,5719860.72000000,1751587199999,20503938.84525000,62773,2851034.43000000,10221822.53186000,0
DOT,1751587200000,3.53900000,3.56100000,3.31300000,3.35800000,5659272.37000000,1751673599999,19296990.85477000,55577,2910856.66000000,9905023.21340000,0
DOT,1751673600000,3.35800000,3.39000000,3.30800000,3.35600000,2237505.07000000,1751759999999,7505825.11236000,26609,1007197.44000000,3380042.15963000,0
DOT,1751760000000,3.35600000,3.44800000,3.32800000,3.39500000,3771010.63000000,1751846399999,12766488.87439000,37457,1930952.52000000,6537381.58545000,0
DOT,1751846400000,3.39500000,3.43700000,3.32300000,3.36900000,2853677.78000000,1751932799999,9657326.46942000,34832,1288963.08000000,4362642.35663000,0
DOT,1751932800000,3.36900000,3.47700000,3.32700000,3.44800000,3238505.57000000,1752019199999,10985328.82606000,39191,1573544.78000000,5339906.08026000,0
DOT,1752019200000,3.44800000,3.65900000,3.41700000,3.62000000,5645429.86000000,1752105599999,20033638.88880000,62212,2662471.59000000,9455467.35609000,0
DOT,1752105600000,3.62000000,3.89300000,3.59000000,3.88100000,7702932.38000000,1752191999999,28609600.80969000,85803,3770577.79000000,14012280.11091000,0
DOT,1752192000000,3.88200000,4.11000000,3.81000000,3.90700000,11587795.88000000,1752278399999,45962147.02786000,149086,5283660.96000000,20970256.33541000,0
DOT,1752278400000,3.90600000,4.06500000,3.79600000,3.89100000,6362410.61000000,1752364799999,25021045.31500000,96151,2815161.67000000,11061500.38679000,0
DOT,1752364800000,3.89100000,4.06700000,3.87600000,3.98400000,4490493.77000000,1752451199999,17892609.24230000,80115,2308764.94000000,9195531.74420000,0
DOT,1752451200000,3.98600000,4.19600000,3.90100000,3.95000000,7927204.23000000,1752537599999,32264833.75923000,138774,3868778.96000000,15749192.48116000,0
DOT,1752537600000,3.95100000,4.09900000,3.80000000,4.08300000,7487065.71000000,1752623999999,29510105.33594000,117879,3702641.23000000,14596451.23494000,0
DOT,1752624000000,4.08200000,4.26900000,4.01100000,4.15600000,8644793.78000000,1752710399999,35839806.31703000,115547,4190126.53000000,17373592.15410000,0
DOT,1752710400000,4.15600000,4.30300000,4.06500000,4.26000000,10269842.37000000,1752796799999,43039587.30608000,149644,5091225.33000000,21338935.54033000,0
DOT,1752796800000,4.26000000,4.62400000,4.13700000,4.22700000,15308346.29000000,1752883199999,67393393.30254000,224886,7563441.66000000,33281789.56967000,0
DOT,1752883200000,4.22800000,4.45400000,4.13300000,4.40900000,5326771.73000000,1752969599999,22874486.92156000,93906,2824541.57000000,12139583.20097000,0
DOT,1752969600000,4.41000000,4.58700000,4.34800000,4.48000000,8442881.82000000,1753055999999,37793000.56390000,128085,4119133.38000000,18445226.21595000,0
DOT,1753056000000,4.48000000,4.67300000,4.39500000,4.49900000,10863654.36000000,1753142399999,49310542.76691000,145885,5581162.02000000,25351029.07886000,0
DOT,1753142400000,4.49900000,4.55400000,4.27900000,4.54900000,12364489.73000000,1753228799999,54514970.76090000,164398,5877927.63000000,25911278.33969000,0
DOT,1753228800000,4.55100000,4.55100000,4.00000000,4.11300000,13057291.53000000,1753315199999,55390093.89308000,193638,6289305.72000000,26668235.56134000,0
DOT,1753315200000,4.11400000,4.20200000,3.89400000,4.00000000,13015319.69000000,1753401599999,52381996.71861000,158642,6928990.42000000,27883009.72559000,0
DOT,1753401600000,4.00100000,4.10000000,3.86300000,4.08800000,8036783.72000000,1753487999999,31976924.81537000,111032,3900311.99000000,15526199.22633000,0
DOT,1753488000000,4.08800000,4.19500000,4.06900000,4.12400000,3803852.35000000,1753574399999,15678966.72598000,49362,1922153.70000000,7924594.09479000,0
DOT,1753574400000,4.12400000,4.25000000,4.11300000,4.24000000,3861788.18000000,1753660799999,16126702.51378000,52057,1877536.65000000,7844648.11360000,0
DOT,1753660800000,4.23900000,4.30900000,3.93000000,3.96500000,8173653.83000000,1753747199999,33792995.75917000,101498,3844590.12000000,15908108.70172000,0
DOT,1753747200000,3.96500000,4.08400000,3.82000000,3.90500000,8196464.85000000,1753833599999,32333456.48814000,102037,4279513.28000000,16882534.57620000,0
DOT,1753833600000,3.90500000,3.92100000,3.62600000,3.80500000,9521746.16000000,1753919999999,36095185.38337000,116112,4804353.84000000,18212366.73328000,0
DOT,1753920000000,3.80700000,3.92100000,3.66500000,3.68200000,6961247.47000000,1754006399999,26455597.74108000,79004,3672128.58000000,13973909.24494000,0
DOT,1754006400000,3.68200000,3.72300000,3.44600000,3.54700000,12325057.30000000,1754092799999,44472432.89466000,170003,6223012.49000000,22480008.21439000,0
DOT,1754092800000,3.54700000,3.63100000,3.42700000,3.50900000,7331432.98000000,1754179199999,25896662.91093000,85437,3730793.96000000,13182047.91179000,0
DOT,1754179200000,3.50800000,3.62700000,3.45900000,3.60200000,4271487.01000000,1754265599999,15275850.36657000,51870,1870396.16000000,6688181.64492000,0
DOT,1754265600000,3.60300000,3.75700000,3.59700000,3.72000000,5254660.42000000,1754351999999,19290056.63199000,54102,2599557.59000000,9543053.92164000,0
DOT,1754352000000,3.72000000,3.72500000,3.53800000,3.62100000,4867850.77000000,1754438399999,17682222.23238000,68778,2326806.40000000,8451516.75900000,0
DOT,1754438400000,3.62000000,3.69600000,3.55300000,3.67300000,4176179.49000000,1754524799999,15153214.57952000,59376,2027702.35000000,7358732.64204000,0
DOT,1754524800000,3.67300000,3.87200000,3.64400000,3.86700000,6942776.28000000,1754611199999,25973731.50297000,73843,3519673.73000000,13168882.64801000,0
DOT,1754611200000,3.86700000,3.99800000,3.80900000,3.97900000,9301135.78000000,1754697599999,36329101.21864000,127747,4649470.46000000,18172025.60239000,0
DOT,1754697600000,3.98000000,4.16700000,3.97100000,4.13800000,6335022.21000000,1754783999999,25895494.90321000,82191,3268812.77000000,13366298.37131000,0
DOT,1754784000000,4.13800000,4.18100000,3.96500000,4.04600000,6706646.13000000,1754870399999,27212363.98226000,89565,3280260.43000000,13304299.53639000,0
DOT,1754870400000,4.04700000,4.15800000,3.81700000,3.85400000,8300985.31000000,1754956799999,33177944.99946000,114081,4056977.24000000,16224934.34891000,0
DOT,1754956800000,3.85400000,4.23400000,3.83700000,4.15700000,9675655.97000000,1755043199999,39143160.41018000,134220,4899898.80000000,19817983.30416000,0
DOT,1755043200000,4.15700000,4.31700000,4.09700000,4.27600000,10297928.08000000,1755129599999,43505871.06847000,135340,5330300.92000000,22533737.19068000,0
DOT,1755129600000,4.27700000,4.37100000,3.90300000,3.98600000,15790612.61000000,1755215999999,65016568.95878000,207580,7624684.51000000,31440596.15179000,0
DOT,1755216000000,3.98500000,4.10300000,3.81200000,3.89600000,10343199.92000000,1755302399999,40844664.05740000,128867,5188911.78000000,20508843.53264000,0
DOT,1755302400000,3.89500000,3.99700000,3.89000000,3.96600000,3322722.85000000,1755388799999,13084078.10540000,48755,1678866.95000000,6614718.92330000,0
DOT,1755388800000,3.96500000,4.19300000,3.92300000,4.05100000,6055265.18000000,1755475199999,24679510.52889000,78654,3108179.68000000,12660402.47735000,0
DOT,1755475200000,4.05200000,4.06200000,3.83000000,3.91400000,9368368.75000000,1755561599999,36692292.59880000,115816,4668756.12000000,18292411.29809000,0
DOT,1755561600000,3.91500000,3.96000000,3.71200000,3.71900000,7305952.56000000,1755647999999,27864098.11167000,100086,3554103.43000000,13560451.89121000,0
DOT,1755648000000,3.72000000,3.90500000,3.69700000,3.88400000,6469886.10000000,1755734399999,24573450.05810000,85991,3323030.81000000,12628248.74492000,0
DOT,1755734400000,3.88400000,3.92300000,3.77300000,3.79700000,3624305.24000000,1755820799999,13897962.24031000,54335,1747394.14000000,6700950.12053000,0
DOT,1755820800000,3.79700000,4.20700000,3.69000000,4.18000000,13159075.02000000,1755907199999,52076538.47588000,162321,6842305.41000000,27076662.06987000,0
DOT,1755907200000,4.18100000,4.26500000,4.02600000,4.22800000,7634548.17000000,1755993599999,31717391.32469000,95625,3682634.42000000,15307780.97941000,0
DOT,1755993600000,4.22800000,4.28300000,4.01300000,4.11000000,10514865.37000000,1756079999999,43345343.78938000,146078,5135648.06000000,21169938.04010000,0
DOT,1756080000000,4.11000000,4.14600000,3.68900000,3.73400000,12839625.21000000,1756166399999,49726231.32406000,161942,6169971.62000000,23896088.59086000,0
DOT,1756166400000,3.73300000,3.92300000,3.70800000,3.88700000,5875192.67000000,1756252799999,22404310.33555000,87466,2908156.18000000,11088525.35683000,0
DOT,1756252800000,3.88700000,3.93400000,3.82400000,3.83700000,5843493.47000000,1756339199999,22671762.60744000,80344,2853797.42000000,11073907.05709000,0
DOT,1756339200000,3.83700000,4.02100000,3.80700000,3.98100000,9442655.70000000,1756425599999,37247163.19965000,101363,5019501.91000000,19818963.82445000,0
DOT,1756425600000,3.98000000,4.00200000,3.72400000,3.77400000,11616215.46000000,1756511999999,44449728.05551000,117325,5416807.75000000,20731580.47402000,0
DOT,1756512000000,3.77500000,3.82500000,3.71200000,3.81100000,3739627.01000000,1756598399999,14132081.29939000,37762,2026634.55000000,7659862.13123000,0
DOT,1756598400000,3.81000000,3.87500000,3.73500000,3.74200000,5058032.28000000,1756684799999,19290737.71852000,44279,2456756.38000000,9369879.00033000,0
DOT,1756684800000,3.74200000,3.88700000,3.61200000,3.69300000,9277624.68000000,1756771199999,34718649.57640000,98697,4731120.57000000,17705007.88103000,0
DOT,1756771200000,3.69400000,3.82600000,3.67600000,3.82000000,5209474.46000000,1756857599999,19614633.20742000,61930,2613030.57000000,9837988.95094000,0
DOT,1756857600000,3.81900000,3.90600000,3.78600000,3.86500000,3962287.04000000,1756943999999,15257951.00913000,50503,2161963.03000000,8329165.50836000,0
DOT,1756944000000,3.86600000,3.87700000,3.72500000,3.76400000,3587924.75000000,1757030399999,13583252.61493000,61534,1753680.02000000,6640587.58995000,0
DOT,1757030400000,3.76400000,3.89400000,3.75700000,3.82800000,5370012.94000000,1757116799999,20540266.17967000,84491,2607403.51000000,9976546.60820000,0
DOT,1757116800000,3.82700000,3.88500000,3.78200000,3.82300000,2898761.54000000,1757203199999,11100599.32826000,42079,1370771.38000000,5247995.61136000,0
DOT,1757203200000,3.82400000,4.08900000,3.82200000,3.99500000,8531584.81000000,1757289599999,33887493.68952000,103965,4595063.63000000,18256154.24937000,0
DOT,1757289600000,3.99600000,4.08200000,3.98100000,4.04500000,8214086.86000000,1757375999999,33121140.70526000,114147,3916093.48000000,15795346.76153000,0
DOT,1757376000000,4.04500000,4.18200000,4.00400000,4.14000000,9473367.09000000,1757462399999,38878157.42254000,140916,4668489.87000000,19164207.67866000,0
DOT,1757462400000,4.13900000,4.22700000,4.05400000,4.21600000,8171709.85000000,1757548799999,33855733.94849000,111306,3958577.69000000,16403828.96746000,0
DOT,1757548800000,4.21600000,4.26000000,4.11900000,4.24200000,6936262.84000000,1757635199999,29156445.58965000,104495,3433378.86000000,14437779.12998000,0
DOT,1757635200000,4.24200000,4.32200000,4.15300000,4.31900000,6911202.75000000,1757721599999,29312946.16205000,97455,3708426.54000000,15741886.62451000,0
DOT,1757721600000,4.31900000,4.62600000,4.30300000,4.49200000,11803303.50000000,1757807999999,52960886.32144000,197529,5831126.09000000,26151142.41700000,0
DOT,1757808000000,4.49200000,4.49800000,4.28000000,4.31600000,6172903.79000000,1757894399999,27050592.64682000,119867,2958937.39000000,12970804.09235000,0
DOT,1757894400000,4.31600000,4.40500000,4.10400000,4.15100000,7903428.85000000,1757980799999,33318443.60311000,135636,4014219.90000000,16928434.11469000,0
DOT,1757980800000,4.15100000,4.29500000,4.10900000,4.25300000,7509246.75000000,1758067199999,31540483.29823000,126156,3465077.08000000,14557813.98573000,0
DOT,1758067200000,4.25400000,4.43200000,4.13600000,4.40300000,8161416.41000000,1758153599999,34608573.13137000,143989,3976194.58000000,16884303.78317000,0
DOT,1758153600000,4.40300000,4.59500000,4.37300000,4.53300000,9989936.15000000,1758239999999,45096189.76654000,180722,5457414.54000000,24643643.72137000,0
DOT,1758240000000,4.53300000,4.88200000,4.31800000,4.35900000,16139500.94000000,1758326399999,73933621.11079000,266516,8286058.20000000,38016658.46372000,0
DOT,1758326400000,4.35800000,4.46300000,4.28900000,4.35600000,6646556.19000000,1758412799999,28995018.64263000,109117,3306671.26000000,14425485.77641000,0
DOT,1758412800000,4.35600000,4.38700000,4.23600000,4.26200000,4486161.20000000,1758499199999,19352759.85499000,83269,2184805.58000000,9426768.60130000,0
DOT,1758499200000,4.26100000,4.27900000,3.82100000,4.03700000,13684796.77000000,1758585599999,54958327.62758000,235242,6353470.93000000,25511266.23475000,0
DOT,1758585600000,4.03700000,4.05900000,3.93800000,3.96600000,5764633.15000000,1758671999999,23120449.92660000,110591,2990553.05000000,12000309.53124000,0
DOT,1758672000000,3.96500000,4.11500000,3.88900000,3.99200000,6311985.33000000,1758758399999,25407201.83624000,109296,2940222.34000000,11833947.90736000,0
DOT,1758758400000,3.99200000,4.00500000,3.77100000,3.80400000,11887593.18000000,1758844799999,46353308.37002000,202813,5210820.07000000,20321440.84297000,0
DOT,1758844800000,3.80400000,3.97000000,3.77600000,3.92400000,6107591.86000000,1758931199999,23618722.66921000,119164,3018338.89000000,11673160.43714000,0
DOT,1758931200000,3.92400000,3.92700000,3.85100000,3.88900000,2788713.49000000,1759017599999,10841008.02507000,50455,1242191.75000000,4829152.22668000,0
DOT,1759017600000,3.88900000,4.03000000,3.79200000,3.99700000,4451365.02000000,1759103999999,17268513.74657000,78244,2231585.44000000,8667249.19216000,0
DOT,1759104000000,3.99700000,4.02300000,3.85800000,3.98000000,6112476.63000000,1759190399999,24187338.78288000,98560,2947470.90000000,11668866.65372000,0
DOT,1759190400000,3.98000000,3.99200000,3.80800000,3.90900000,4219657.99000000,1759276799999,16422663.06404000,88042,1968310.52000000,7661321.56269000,0
DOT,1759276800000,3.90900000,4.12600000,3.88300000,4.12600000,6247286.83000000,1759363199999,25321344.04083000,117041,2985338.27000000,12102226.65048000,0
DOT,1759363200000,4.12600000,4.34000000,4.10000000,4.30600000,8406597.21000000,1759449599999,35606516.42866000,157128,4341496.99000000,18393356.66133000,0
DOT,1759449600000,4.30700000,4.38400000,4.17900000,4.32000000,7021367.23000000,1759535999999,29963347.70693000,163818,3563027.33000000,15203299.15165000,0
DOT,1759536000000,4.32100000,4.32900000,4.13500000,4.18700000,4829228.68000000,1759622399999,20390329.91883000,105556,2067968.51000000,8728676.97034000,0
DOT,1759622400000,4.18900000,4.37500000,4.07700000,4.13400000,6376106.76000000,1759708799999,26916551.66291000,125413,2880800.41000000,12160305.59988000,0
DOT,1759708800000,4.13400000,4.43900000,4.10900000,4.39800000,9254105.48000000,1759795199999,39761260.51478000,168937,4541041.08000000,19491620.78907000,0
DOT,1759795200000,4.39900000,4.43400000,4.10600000,4.13900000,8608356.86000000,1759881599999,36577972.34994000,173780,3968623.01000000,16852236.96387000,0
DOT,1759881600000,4.13900000,4.24100000,4.06300000,4.19400000,7048183.35000000,1759967999999,29267415.75336000,123007,3424421.82000000,14223072.92717000,0
DOT,1759968000000,4.19400000,4.19800000,3.96200000,4.07500000,7419770.28000000,1760054399999,30055857.36699000,136072,3210958.21000000,13019059.52589000,0
DOT,1760054400000,4.07400000,4.29100000,0.63300000,2.94600000,50685534.83300000,1760140799999,158333699.57376000,870396,23899095.50000000,74625342.47271000,0
DOT,1760140800000,2.94500000,3.31700000,2.87300000,2.99700000,33673506.59000000,1760227199999,104015158.71480000,584488,14493345.27000000,44739647.16885000,0
DOT,1760227200000,2.99700000,3.30700000,2.90700000,3.24100000,13812032.64000000,1760313599999,42855810.04628000,237093,6584411.20000000,20474240.33187000,0
DOT,1760313600000,3.24100000,3.44800000,3.19400000,3.37400000,14008985.74000000,1760399999999,46429527.46480000,242452,6906621.89000000,22905055.46691000,0
DOT,1760400000000,3.37500000,3.39900000,3.06600000,3.24800000,13079428.00000000,1760486399999,41692655.68709000,237188,5956745.99000000,18994991.17356000,0
DOT,1760486400000,3.24800000,3.34100000,3.08900000,3.13700000,8028268.55000000,1760572799999,25611203.66644000,156731,3855124.87000000,12310469.72154000,0
DOT,1760572800000,3.13700000,3.20800000,2.97000000,3.01600000,11684100.23000000,1760659199999,36203592.79481000,195789,5567623.09000000,17276175.29015000,0
DOT,1760659200000,3.01700000,3.06100000,2.77200000,2.89200000,14335134.66000000,1760745599999,41524348.43655000,214206,6895065.31000000,19963539.08209000,0
DOT,1760745600000,2.89200000,2.97100000,2.88900000,2.93200000,3912674.58000000,1760831999999,11449617.36365000,76783,1879471.52000000,5500545.39267000,0
DOT,1760832000000,2.93300000,3.05700000,2.88600000,3.00900000,5985335.93000000,1760918399999,17817433.46543000,97950,2907540.35000000,8658499.37156000,0
DOT,1760918400000,3.00900000,3.13200000,2.94900000,3.08600000,6738711.38000000,1761004799999,20681656.29175000,118116,3174806.33000000,9748495.43247000,0
DOT,1761004800000,3.08500000,3.19000000,2.95000000,3.00600000,8717666.16000000,1761091199999,26843368.38559000,140219,3998797.04000000,12288348.23694000,0
DOT,1761091200000,3.00500000,3.02800000,2.83400000,2.91800000,7679721.12000000,1761177599999,22704087.13457000,115449,3668480.27000000,10849359.10070000,0
DOT,1761177600000,2.91900000,3.03600000,2.91200000,3.00200000,5244770.87000000,1761263999999,15559840.26515000,79737,2295028.25000000,6819658.31466000,0
DOT,1761264000000,3.00300000,3.12500000,2.99200000,3.07800000,4802271.08000000,1761350399999,14653185.09796000,79687,2381821.01000000,7268096.83403000,0
DOT,1761350400000,3.07900000,3.10600000,3.02700000,3.09000000,2210795.91000000,1761436799999,6776153.13388000,40387,1091324.43000000,3345624.92618000,0
DOT,1761436800000,3.09100000,3.23900000,3.05900000,3.19500000,3798617.54000000,1761523199999,11974631.85951000,74034,1841604.86000000,5801992.46122000,0
DOT,1761523200000,3.19500000,3.24700000,3.11900000,3.13900000,5085535.81000000,1761609599999,16177768.09974000,97317,2507308.46000000,7978388.23774000,0
DOT,1761609600000,3.13800000,3.19500000,2.99200000,3.05100000,6077354.59000000,1761695999999,18908577.07030000,116258,2749946.97000000,8559241.09773000,0
DOT,1761696000000,3.05000000,3.17700000,3.02300000,3.07900000,5626477.70000000,1761782399999,17448414.94076000,120165,2721425.87000000,8440133.02648000,0
DOT,1761782400000,3.08000000,3.11800000,2.78000000,2.87100000,10939988.93000000,1761868799999,32015593.24738000,160798,5122540.54000000,15008191.63872000,0
DOT,1761868800000,2.87100000,2.92500000,2.82700000,2.88200000,5497768.43000000,1761955199999,15886796.11804000,89903,2764966.98000000,7989307.29259000,0
DOT,1761955200000,2.88200000,2.97400000,2.86500000,2.97100000,4217933.18000000,1762041599999,12319044.20318000,69210,1996539.34000000,5830317.37977000,0
DOT,1762041600000,2.97100000,3.01600000,2.86600000,2.98500000,4366321.14000000,1762127999999,12862020.44048000,79281,2062399.47000000,6072932.68180000,0
DOT,1762128000000,2.98500000,2.99300000,2.50000000,2.58500000,14377248.98000000,1762214399999,38567620.53409000,258501,7083772.39000000,18982820.92620000,0
DOT,1762214400000,2.58500000,2.66200000,2.34300000,2.50800000,16629831.45000000,1762300799999,41806046.56920000,320363,8126173.09000000,20430248.10584000,0
DOT,1762300800000,2.50800000,2.68500000,2.38400000,2.67200000,8870378.00000000,1762387199999,22943600.21416000,163487,4650145.34000000,12035380.91256000,0
DOT,1762387200000,2.67100000,2.68300000,2.52700000,2.66900000,9282186.59000000,1762473599999,24341343.46321000,170383,4465664.59000000,11711245.96835000,0
DOT,1762473600000,2.66900000,3.34000000,2.66400000,3.25400000,30723299.04000000,1762559999999,91427315.36663000,609998,14840620.48000000,44247743.27135000,0
DOT,1762560000000,3.25400000,3.53300000,3.08600000,3.25200000,23331422.94000000,1762646399999,77164836.88078000,413423,10792432.08000000,35650474.60673000,0
DOT,1762646400000,3.25200000,3.31000000,3.03700000,3.23200000,12947626.40000000,1762732799999,41203114.54120000,238280,6437796.15000000,20489430.03461000,0
DOT,1762732800000,3.23200000,3.31600000,3.12500000,3.26600000,13970827.39000000,1762819199999,44975014.67941000,240895,6771325.34000000,21795948.03754000,0
DOT,1762819200000,3.26700000,3.38700000,3.04100000,3.05400000,11303001.65000000,1762905599999,36173418.38718000,234194,5423100.45000000,17363637.83741000,0
DOT,1762905600000,3.05500000,3.14600000,2.87600000,2.92700000,9353590.68000000,1762991999999,28319956.92525000,155738,4214374.15000000,12736040.09731000,0
DOT,1762992000000,2.92800000,3.04500000,2.76300000,2.85300000,8814259.15000000,1763078399999,25650439.15567000,157975,3923581.67000000,11452125.72918000,0
DOT,1763078400000,2.85300000,2.92100000,2.74900000,2.81500000,10689974.59000000,1763164799999,30416645.56537000,237319,5382000.66000000,15318649.43326000,0
DOT,1763164800000,2.81500000,2.94900000,2.81300000,2.83200000,4839072.65000000,1763251199999,13920333.03571000,92687,2408780.29000000,6931307.66248000,0
DOT,1763251200000,2.83200000,2.89900000,2.69500000,2.78400000,5772741.72000000,1763337599999,16118873.86984000,131525,2767272.48000000,7728851.02659000,0
DOT,1763337600000,2.78500000,2.86700000,2.62700000,2.66600000,8259234.67000000,1763423999999,22831096.73261000,184796,4401803.31000000,12182718.55087000,0
DOT,1763424000000,2.66600000,2.80200000,2.61700000,2.75500000,7655812.28000000,1763510399999,20855537.56338000,159891,3519514.76000000,9598084.06057000,0
DOT,1763510400000,2.75500000,2.76700000,2.56900000,2.69200000,6386470.03000000,1763596799999,17059009.94976000,139356,3021691.76000000,8072852.67301000,0
DOT,1763596800000,2.69300000,2.82000000,2.50300000,2.54300000,9026877.87000000,1763683199999,23912966.78123000,177813,4663618.50000000,12362609.50388000,0
DOT,1763683200000,2.54300000,2.59300000,2.25200000,2.34800000,12620524.53000000,1763769599999,30278825.54498000,244475,6112760.15000000,14663575.77034000,0
DOT,1763769600000,2.34800000,2.35700000,2.25700000,2.31100000,5480201.78000000,1763855999999,12606005.97220000,97440,2743694.22000000,6310790.31765000,0
DOT,1763856000000,2.31100000,2.37000000,2.24800000,2.25800000,4928467.72000000,1763942399999,11446409.72481000,70626,2467959.93000000,5733552.13770000,0
DOT,1763942400000,2.25800000,2.39700000,2.24200000,2.34000000,7557391.45000000,1764028799999,17458351.73344000,108148,3480524.60000000,8046601.39062000,0
DOT,1764028800000,2.34000000,2.34900000,2.17600000,2.29600000,7202523.95000000,1764115199999,16313979.91655000,86759,3386027.63000000,7671003.73978000,0
DOT,1764115200000,2.29600000,2.37100000,2.24000000,2.34400000,5647328.47000000,1764201599999,13004452.37498000,65321,2730455.17000000,6293405.92878000,0
DOT,1764201600000,2.34400000,2.39000000,2.30800000,2.33700000,4044236.62000000,1764287999999,9487779.32613000,50842,1874538.66000000,4401652.01345000,0
DOT,1764288000000,2.33600000,2.37600000,2.26000000,2.28400000,4916940.56000000,1764374399999,11389290.14901000,63154,2333019.30000000,5404704.17489000,0
DOT,1764374400000,2.28400000,2.29800000,2.22700000,2.25900000,2700560.48000000,1764460799999,6106893.86991000,34420,1345235.51000000,3041844.20526000,0
DOT,1764460800000,2.25800000,2.29300000,2.20400000,2.21000000,2272280.97000000,1764547199999,5143854.16271000,35965,1082549.14000000,2451731.10613000,0
DOT,1764547200000,2.20900000,2.20900000,1.96100000,2.04200000,12815413.41000000,1764633599999,26232473.88400000,144277,6231907.72000000,12753754.62476000,0
DOT,1764633600000,2.04200000,2.28600000,2.03300000,2.24900000,8246867.07000000,1764719999999,17990667.17036000,96583,4201929.17000000,9171992.49563000,0
DOT,1764720000000,2.25000000,2.40000000,2.24100000,2.36600000,7695403.08000000,1764806399999,17780284.19554000,86893,3780122.57000000,8739067.78082000,0
DOT,1764806400000,2.36500000,2.37600000,2.24500000,2.27200000,6470520.84000000,1764892799999,15037332.76387000,71259,3204792.13000000,7451911.64099000,0
DOT,1764892800000,2.27200000,2.30800000,2.08400000,2.12500000,6393803.73000000,1764979199999,14012559.65222000,86138,3276493.79000000,7172247.23053000,0
DOT,1764979200000,2.12500000,2.16400000,2.08700000,2.12800000,3686360.78000000,1765065599999,7827330.12098000,48019,2054549.87000000,4361937.25333000,0
DOT,1765065600000,2.12800000,2.16000000,2.04000000,2.09400000,6185412.28000000,1765151999999,13058896.20111000,77911,3257795.19000000,6888669.45172000,0
DOT,1765152000000,2.09400000,2.17900000,2.08400000,2.12900000,7982758.73000000,1765238399999,17047057.20705000,100432,4101417.57000000,8756399.74185000,0
DOT,1765238400000,2.13000000,2.39300000,2.08900000,2.29300000,10684211.99000000,1765324799999,24051979.04778000,126230,5105564.23000000,11478648.41873000,0
DOT,1765324800000,2.29200000,2.31600000,2.18300000,2.19000000,6862399.14000000,1765411199999,15348349.62013000,104633,3428066.59000000,7665979.30557000,0
DOT,1765411200000,2.19000000,2.19300000,2.00800000,2.06600000,11632964.04000000,1765497599999,23938248.22735000,139527,6175736.60000000,12708245.10571000,0
DOT,1765497600000,2.06600000,2.09600000,1.94500000,2.01200000,8591083.66000000,1765583999999,17336215.32764000,95789,4046052.85000000,8171695.67286000,0
DOT,1765584000000,2.01200000,2.05800000,2.00800000,2.03800000,2858760.03000000,1765670399999,5823918.48705000,26042,1460134.96000000,2975758.78773000,0
DOT,1765670400000,2.03700000,2.04600000,1.93200000,1.95200000,5678126.98000000,1765756799999,11262857.77643000,51658,2686282.02000000,5328709.61808000,0
DOT,1765756800000,1.95300000,2.01000000,1.82900000,1.90200000,8037020.67000000,1765843199999,15473617.43382000,89751,3875844.11000000,7457812.16441000,0
DOT,1765843200000,1.90200000,1.94300000,1.86200000,1.89800000,5523119.29000000,1765929599999,10496637.46961000,70473,2714699.76000000,5159407.46936000,0
DOT,1765929600000,1.89800000,1.95500000,1.79000000,1.81600000,9627196.53000000,1766015999999,17909469.79189000,96089,4762299.46000000,8856429.19928000,0
DOT,1766016000000,1.81500000,1.88900000,1.72200000,1.75900000,9653339.53000000,1766102399999,17401684.20229000,104762,4189371.97000000,7549601.84152000,0
DOT,1766102400000,1.76000000,1.88000000,1.73800000,1.84900000,8061605.69000000,1766188799999,14608849.15994000,91687,4068918.28000000,7375069.67569000,0
DOT,1766188800000,1.84900000,1.86900000,1.82700000,1.83200000,2802648.50000000,1766275199999,5162741.22706000,34480,1528414.33000000,2816118.87672000,0
DOT,1766275200000,1.83200000,1.85200000,1.75100000,1.80200000,4326686.91000000,1766361599999,7776759.94349000,45874,2072693.98000000,3728732.54462000,0
DOT,1766361600000,1.80300000,1.85400000,1.75700000,1.78400000,6861199.00000000,1766447999999,12413131.51942000,72628,2990291.88000000,5411563.83329000,0
DOT,1766448000000,1.78400000,1.80200000,1.72800000,1.76500000,5729160.19000000,1766534399999,10090683.71505000,60874,2914301.87000000,5132850.82188000,0
DOT,1766534400000,1.76400000,1.77600000,1.70600000,1.73800000,4384897.36000000,1766620799999,7597326.07032000,45700,2112407.06000000,3662129.52340000,0
DOT,1766620800000,1.73800000,1.75300000,1.67800000,1.68500000,4915432.64000000,1766707199999,8470620.96870000,46118,2277694.61000000,3925148.93331000,0
DOT,1766707200000,1.68500000,1.75300000,1.65300000,1.72300000,7309973.80000000,1766793599999,12535058.75354000,71111,3713907.91000000,6367719.79244000,0
DOT,1766793600000,1.72400000,1.92800000,1.72300000,1.91000000,9958154.22000000,1766879999999,18077734.17878000,63332,4715269.92000000,8554659.87472000,0
DOT,1766880000000,1.91000000,1.91500000,1.82800000,1.85100000,4854587.77000000,1766966399999,9088341.92867000,40705,2343989.86000000,4385964.42042000,0
DOT,1766966400000,1.85100000,1.90400000,1.81800000,1.82400000,7103805.42000000,1767052799999,13201847.45062000,74075,3337186.97000000,6201382.14327000,0
DOT,1767052800000,1.82300000,1.84700000,1.79200000,1.81100000,4858758.99000000,1767139199999,8837855.23950000,54485,2282621.99000000,4151716.37038000,0
DOT,1767139200000,1.81100000,1.84500000,1.76200000,1.78900000,3980800.81000000,1767225599999,7173937.62508000,51606,1959446.48000000,3529154.89253000,0
DOT,1767225600000,1.78900000,2.03300000,1.76500000,1.99900000,10513359.81000000,1767311999999,20003759.18063000,108383,5347900.20000000,10175358.84290000,0
DOT,1767312000000,1.99800000,2.17000000,1.96800000,2.16600000,10929863.57000000,1767398399999,22450283.35649000,119277,5734889.14000000,11797545.60810000,0
DOT,1767398400000,2.16500000,2.22000000,2.10800000,2.12500000,6758275.83000000,1767484799999,14516000.80580000,83619,3543222.66000000,7615802.70251000,0
DOT,1767484800000,2.12500000,2.18000000,2.11600000,2.14200000,4649012.22000000,1767571199999,9978872.81329000,61695,2220727.99000000,4767209.11392000,0
DOT,1767571200000,2.14300000,2.23800000,2.09600000,2.20800000,8403018.63000000,1767657599999,18182963.46944000,121346,3958904.07000000,8582318.78466000,0
DOT,1767657600000,2.20700000,2.26300000,2.11200000,2.23500000,8857748.56000000,1767743999999,19521756.93824000,139466,4367137.69000000,9633460.62763000,0
DOT,1767744000000,2.23400000,2.24900000,2.12000000,2.14500000,5563858.69000000,1767830399999,12123951.67167000,85130,2621513.50000000,5714470.52742000,0
DOT,1767830400000,2.14500000,2.15900000,2.08400000,2.11100000,4670604.57000000,1767916799999,9901268.86376000,73637,2334498.76000000,4951100.89768000,0
DOT,1767916800000,2.11100000,2.14400000,2.04800000,2.08300000,4701944.80000000,1768003199999,9825103.60586000,76758,2323741.27000000,4854141.71867000,0
DOT,1768003200000,2.08300000,2.13000000,2.06900000,2.09300000,2303538.23000000,1768089599999,4848422.38752000,37396,1027617.05000000,2162777.64872000,0
DOT,1768089600000,2.09300000,2.12500000,2.03400000,2.07000000,2644638.02000000,1768175999999,5530623.87839000,42796,1385553.65000000,2900521.95757000,0
DOT,1768176000000,2.07100000,2.15300000,2.02200000,2.05500000,5469757.83000000,1768262399999,11366060.73734000,94473,2559896.30000000,5319619.91504000,0
DOT,1768262400000,2.05400000,2.34300000,2.05200000,2.28200000,13301063.71000000,1768348799999,29353899.91393000,181918,6418779.27000000,14150989.07922000,0
DOT,1768348800000,2.28300000,2.29800000,2.19500000,2.22600000,7108770.22000000,1768435199999,16072410.29768000,93049,3674688.31000000,8311789.62590000,0
DOT,1768435200000,2.22500000,2.23900000,2.09700000,2.11700000,6339482.62000000,1768521599999,13754393.20900000,90950,3145014.65000000,6825496.17003000,0
DOT,1768521600000,2.11700000,2.15600000,2.05600000,2.11900000,5970610.99000000,1768607999999,12579983.64056000,64737,2769248.12000000,5835691.20819000,0
DOT,1768608000000,2.12000000,2.23500000,2.11300000,2.17900000,5627984.65000000,1768694399999,12323514.59736000,65400,2587902.45000000,5662281.30793000,0
DOT,1768694400000,2.17800000,2.20300000,2.06300000,2.06500000,5133672.79000000,1768780799999,11038868.07416000,72948,2594125.16000000,5577246.33727000,0
DOT,1768780800000,2.06500000,2.06500000,1.83400000,2.02800000,11523563.00000000,1768867199999,22714223.01760000,138515,5702207.24000000,11223469.36548000,0
DOT,1768867200000,2.02800000,2.05100000,1.88100000,1.89700000,7570140.82000000,1768953599999,14965835.00924000,95151,3542818.58000000,7003705.77627000,0
DOT,1768953600000,1.89800000,2.00000000,1.87300000,1.95500000,5604820.50000000,1769039999999,10867714.84193000,85904,2670044.11000000,5175915.75000000,0
DOT,1769040000000,1.95500000,1.98200000,1.90500000,1.92700000,2987992.66000000,1769126399999,5800619.37076000,41705,1500677.95000000,2914461.18121000,0
DOT,1769126400000,1.92700000,1.98400000,1.89700000,1.92600000,3817856.64000000,1769212799999,7411765.92578000,62631,1884774.61000000,3658974.65325000,0
DOT,1769212800000,1.92600000,1.94100000,1.89900000,1.93000000,1695777.33000000,1769299199999,3256530.97490000,21331,716093.34000000,1375370.82648000,0
DOT,1769299200000,1.92900000,1.94400000,1.78000000,1.82300000,5011621.15000000,1769385599999,9267641.96342000,65500,2220419.49000000,4104626.31126000,0
DOT,1769385600000,1.82300000,1.89800000,1.81800000,1.87500000,4395513.56000000,1769471999999,8184304.31967000,54437,2166184.64000000,4033645.89907000,0
DOT,1769472000000,1.87600000,1.89900000,1.82800000,1.87600000,3778155.37000000,1769558399999,7029972.42503000,51855,1945850.35000000,3619479.22956000,0
DOT,1769558400000,1.87700000,1.89600000,1.83100000,1.87000000,6001177.52000000,1769644799999,11191819.34423000,70683,2913413.06000000,5432986.86883000,0
DOT,1769644800000,1.87000000,1.87500000,1.69700000,1.73600000,7419230.56000000,1769731199999,13018200.19967000,82315,3449591.26000000,6054648.15716000,0
DOT,1769731200000,1.73600000,1.74800000,1.65200000,1.69000000,8782609.93000000,1769817599999,14917248.08843000,108650,4327997.29000000,7350031.32963000,0
DOT,1769817600000,1.69000000,1.69100000,1.39900000,1.54700000,14030240.75000000,1769903999999,21704822.10930000,173304,6449655.81000000,9973305.74073000,0
DOT,1769904000000,1.54800000,1.56000000,1.45900000,1.49500000,7323300.46000000,1769990399999,11144466.39337000,89844,3386546.25000000,5154045.11324000,0
DOT,1769990400000,1.49600000,1.57600000,1.45200000,1.54300000,7959613.28000000,1770076799999,12056872.13564000,107148,4056040.99000000,6143378.69440000,0
DOT,1770076800000,1.54300000,1.56600000,1.43100000,1.50000000,11599952.77000000,1770163199999,17505819.14797000,122977,5277425.36000000,7971434.61725000,0
DOT,1770163200000,1.49900000,1.53400000,1.42500000,1.46100000,6999588.65000000,1770249599999,10317914.73644000,102080,3350797.83000000,4939399.13474000,0
DOT,1770249600000,1.46200000,1.47800000,1.23200000,1.24800000,19723447.25000000,1770335999999,26398318.23254000,262534,9452146.91000000,12653188.36609000,0
DOT,1770336000000,1.24800000,1.40700000,1.10100000,1.36800000,20408661.56000000,1770422399999,25730738.44788000,215093,10108533.84000000,12735972.56243000,0
DOT,1770422400000,1.36700000,1.40300000,1.31600000,1.37200000,9699017.55000000,1770508799999,13254756.33942000,95784,4820651.07000000,6592122.51231000,0
DOT,1770508800000,1.37200000,1.37700000,1.32500000,1.33700000,3572670.00000000,1770595199999,4838590.42038000,40301,1759370.17000000,2383866.07018000,0
DOT,1770595200000,1.33600000,1.35100000,1.27700000,1.32000000,5230593.27000000,1770681599999,6888544.77364000,55630,2612369.65000000,3441816.78539000,0
DOT,1770681600000,1.32000000,1.32800000,1.26500000,1.28300000,4359481.45000000,1770767999999,5599257.90884000,38844,2017603.72000000,2589937.22002000,0
DOT,1770768000000,1.28300000,1.29700000,1.22500000,1.25600000,6362045.55000000,1770854399999,7975912.29724000,56451,2950320.89000000,3700746.06637000,0
DOT,1770854400000,1.25500000,1.30400000,1.24900000,1.28300000,4483978.99000000,1770940799999,5730982.50408000,45064,2067590.35000000,2644043.70191000,0
DOT,1770940800000,1.28300000,1.34100000,1.25200000,1.33000000,4532467.32000000,1771027199999,5885493.30000000,41509,2297534.53000000,2981320.23735000,0
DOT,1771027200000,1.33100000,1.44000000,1.33000000,1.42100000,4174084.23000000,1771113599999,5773774.08763000,42346,1882106.47000000,2602339.32241000,0
DOT,1771113600000,1.42100000,1.43900000,1.33100000,1.35700000,5627915.61000000,1771199999999,7784314.59287000,60552,2560649.89000000,3542013.23995000,0
DOT,1771200000000,1.35700000,1.39100000,1.33200000,1.37600000,3599652.05000000,1771286399999,4890611.05572000,38553,1778875.42000000,2417806.36476000,0
DOT,1771286400000,1.37700000,1.38100000,1.34000000,1.34700000,3462703.77000000,1771372799999,4718719.50831000,35338,1719971.96000000,2345614.04386000,0
DOT,1771372800000,1.34700000,1.37200000,1.30000000,1.31100000,3803204.90000000,1771459199999,5093006.16517000,37267,1819331.20000000,2438838.05445000,0
DOT,1771459200000,1.31100000,1.32200000,1.26000000,1.28700000,3960231.45000000,1771545599999,5114058.53286000,37695,2023738.46000000,2613572.48946000,0
DOT,1771545600000,1.28700000,1.36400000,1.27400000,1.34100000,6388269.43000000,1771631999999,8453013.95738000,58542,3200905.50000000,4232963.15028000,0
DOT,1771632000000,1.34100000,1.39800000,1.32800000,1.36000000,4005534.49000000,1771718399999,5479074.90187000,34509,1905743.36000000,2609407.68998000,0
DOT,1771718400000,1.35900000,1.36600000,1.30300000,1.31300000,3333549.12000000,1771804799999,4444647.34366000,27035,1545141.44000000,2060340.02252000,0
DOT,1771804800000,1.31300000,1.31400000,1.23900000,1.26500000,7458108.20000000,1771891199999,9506054.19201000,64097,3535108.47000000,4505307.10986000,0
DOT,1771891200000,1.26500000,1.27900000,1.22500000,1.23800000,6332543.71000000,1771977599999,7903982.97508000,51098,3278673.69000000,4091314.05822000,0
DOT,1771977600000,1.23900000,1.75200000,1.23500000,1.66300000,40082501.97000000,1772063999999,61005521.74695000,376823,19145732.45000000,29192163.54515000,0
DOT,1772064000000,1.66300000,1.69600000,1.52200000,1.60900000,29187050.32000000,1772150399999,46955157.29510000,268026,14192512.14000000,22830879.18609000,0
DOT,1772150400000,1.60900000,1.68300000,1.54700000,1.59900000,18268978.26000000,1772236799999,29318151.77136000,168644,9096129.93000000,14604957.74065000,0
DOT,1772236800000,1.60000000,1.67500000,1.45800000,1.66200000,19455922.95000000,1772323199999,30243548.56516000,178392,9727889.92000000,15118106.01181000,0
DOT,1772323200000,1.66200000,1.68100000,1.50400000,1.53400000,11826274.49000000,1772409599999,18701547.80229000,109565,5837193.84000000,9242249.04968000,0
DOT,1772409600000,1.53500000,1.60300000,1.49800000,1.50900000,14931124.90000000,1772495999999,23040894.56138000,124372,8164215.07000000,12593721.14222000,0
DOT,1772496000000,1.50900000,1.55700000,1.47300000,1.53300000,8253153.19000000,1772582399999,12472296.87434000,92716,4133732.28000000,6248713.61842000,0
DOT,1772582400000,1.53300000,1.57400000,1.50800000,1.54100000,9346138.31000000,1772668799999,14391930.85931000,113239,4834168.53000000,7447537.17331000,0
DOT,1772668800000,1.54100000,1.55600000,1.48200000,1.53000000,6108684.73000000,1772755199999,9313919.00233000,74273,2838605.94000000,4328367.07884000,0
DOT,1772755200000,1.52900000,1.54700000,1.45300000,1.48800000,5125595.36000000,1772841599999,7699464.24589000,57579,2557428.22000000,3843521.02815000,0
DOT,1772841600000,1.48900000,1.51700000,1.43100000,1.44800000,4297384.30000000,1772927999999,6327902.34959000,47425,2128129.16000000,3134221.92588000,0
DOT,1772928000000,1.44800000,1.48500000,1.42500000,1.45200000,4938152.76000000,1773014399999,7179317.55738000,50200,2409842.62000000,3503203.38490000,0
DOT,1773014400000,1.45300000,1.53300000,1.45200000,1.49400000,6242706.57000000,1773100799999,9315229.92343000,65915,3217370.03000000,4800876.41525000,0
DOT,1773100800000,1.49400000,1.54600000,1.47900000,1.48600000,6262818.66000000,1773187199999,9501185.72489000,62831,3256156.89000000,4941846.59618000,0
DOT,1773187200000,1.48600000,1.55500000,1.47300000,1.52200000,5773554.61000000,1773273599999,8775051.18299000,57066,2820137.30000000,4286979.07460000,0
DOT,1773273600000,1.52300000,1.52800000,1.48500000,1.51800000,4195825.00000000,1773359999999,6322625.19710000,38971,2105296.53000000,3173302.76406000,0
DOT,1773360000000,1.51700000,1.55000000,1.44700000,1.46400000,9201809.00000000,1773446399999,13876841.69775000,73773,4354165.64000000,6570863.79462000,0
DOT,1773446400000,1.46300000,1.46300000,1.40300000,1.41400000,4828537.28000000,1773532799999,6907474.05764000,38026,2715251.30000000,3881496.56296000,0
DOT,1773532800000,1.41300000,1.44600000,1.39200000,1.44100000,6187751.89000000,1773619199999,8802667.86596000,38139,3328592.59000000,4737593.39183000,0
DOT,1773619200000,1.44200000,1.66200000,1.43200000,1.64000000,22041939.73000000,1773705599999,34781756.58037000,200113,10759638.08000000,16975203.10382000,0
DOT,1773705600000,1.64100000,1.64300000,1.58200000,1.62000000,7562724.50000000,1773791999999,12176050.52121000,70198,3487441.86000000,5615383.52204000,0
DOT,1773792000000,1.62100000,1.65400000,1.53900000,1.57700000,7269010.46000000,1773878399999,11612081.28904000,64266,3684101.66000000,5884686.50307000,0
DOT,1773878400000,1.57700000,1.57900000,1.49600000,1.52100000,4869424.19000000,1773964799999,7463411.08302000,47516,2416526.27000000,3705783.74473000,0
DOT,1773964800000,1.52200000,1.55300000,1.49400000,1.49900000,3622808.30000000,1774051199999,5526343.04809000,41091,1826659.88000000,2787904.35166000,0
DOT,1774051200000,1.49900000,1.51600000,1.45700000,1.46800000,3209315.50000000,1774137599999,4795400.58751000,30997,1579357.42000000,2360391.19584000,0
DOT,1774137600000,1.46700000,1.48300000,1.39300000,1.41300000,3782595.47000000,1774223999999,5446978.85040000,41735,1768810.98000000,2550290.32255000,0
DOT,1774224000000,1.41300000,1.49300000,1.40200000,1.42100000,7892507.70000000,1774310399999,11404908.47394000,80714,3981338.69000000,5755962.26905000,0
DOT,1774310400000,1.42100000,1.42900000,1.36000000,1.40100000,7890723.75000000,1774396799999,11042555.11806000,65025,3976653.84000000,5567208.55488000,0
DOT,1774396800000,1.40200000,1.41200000,1.34600000,1.36300000,8355450.23000000,1774483199999,11533419.76812000,65599,4250827.96000000,5864506.86103000,0
DOT,1774483200000,1.36300000,1.36900000,1.30100000,1.32100000,8359715.18000000,1774569599999,11075766.60698000,55786,3760730.02000000,4987313.82241000,0
DOT,1774569600000,1.32100000,1.34000000,1.27000000,1.29200000,6120335.65000000,1774655999999,7928126.31719000,48657,2576395.49000000,3336933.87772000,0
DOT,1774656000000,1.29100000,1.30600000,1.25300000,1.25900000,5134154.60000000,1774742399999,6582201.55487000,33605,2626952.07000000,3368761.49332000,0
DOT,1774742400000,1.25900000,1.27600000,1.22100000,1.26100000,3214125.71000000,1774828799999,4043538.58810000,25212,1618242.90000000,2036197.78930000,0
DOT,1774828800000,1.26100000,1.28800000,1.23300000,1.24300000,6223675.83000000,1774915199999,7872081.78825000,36006,3445276.71000000,4357824.63576000,0
DOT,1774915200000,1.24400000,1.27800000,1.22600000,1.25300000,6836567.44000000,1775001599999,8559339.79800000,39446,3357700.74000000,4203381.33563000,0
DOT,1775001600000,1.25300000,1.30300000,1.24700000,1.25500000,6054854.02000000,1775087999999,7723634.29694000,34320,2971974.00000000,3791583.64207000,0
DOT,1775088000000,1.25600000,1.26900000,1.20400000,1.23700000,5677094.61000000,1775174399999,6949821.55534000,38007,2684826.09000000,3287448.68562000,0
DOT,1775174400000,1.23700000,1.26700000,1.23000000,1.23900000,3036914.91000000,1775260799999,3789809.71869000,21513,1414742.31000000,1765835.53138000,0
DOT,1775260800000,1.23800000,1.26500000,1.23300000,1.25400000,2124399.58000000,1775347199999,2654147.47640000,14444,1077454.39000000,1346217.98721000,0
DOT,1775347200000,1.25400000,1.27000000,1.21600000,1.24500000,4990235.71000000,1775433599999,6156175.91460000,33491,2825234.52000000,3487040.69479000,0
DOT,1775433600000,1.24500000,1.31700000,1.23200000,1.24100000,5616931.89000000,1775519999999,7174148.36110000,39559,2650556.44000000,3386132.37217000,0
DOT,1775520000000,1.24000000,1.33000000,1.20500000,1.31400000,6266594.29000000,1775606399999,7855990.44741000,46260,3187674.15000000,3995164.16218000,0
DOT,1775606400000,1.31400000,1.33500000,1.26500000,1.26900000,5519824.88000000,1775692799999,7212070.29544000,42944,2597656.18000000,3395253.00218000,0
DOT,1775692800000,1.26800000,1.36100000,1.23500000,1.30000000,6517543.15000000,1775779199999,8370078.31800000,52263,3395063.63000000,4359736.48874000,0
DOT,1775779200000,1.30000000,1.32800000,1.28200000,1.30500000,4555791.41000000,1775865599999,5938814.82131000,31510,2220399.46000000,2894738.70798000,0
DOT,1775865600000,1.30600000,1.31500000,1.26500000,1.28600000,4168985.01000000,1775951999999,5374336.96700000,27472,2013605.70000000,2597211.98632000,0
DOT,1775952000000,1.28700000,1.28800000,1.21700000,1.22500000,5620079.89000000,1776038399999,6939317.96047000,40841,2722074.59000000,3361495.67615000,0
DOT,1776038400000,1.22500000,1.24200000,1.14800000,1.22900000,19105149.08000000,1776124799999,22659134.37596000,104628,9626839.37000000,11420548.71122000,0
DOT,1776124800000,1.23000000,1.23100000,1.14700000,1.16700000,11563925.42000000,1776211199999,13660346.36883000,60511,5291249.19000000,6253852.35509000,0
DOT,1776211200000,1.16600000,1.19800000,1.14700000,1.18200000,7145815.84000000,1776297599999,8380912.88972000,40488,3541758.50000000,4156163.93566000,0
DOT,1776297600000,1.18200000,1.35300000,1.17100000,1.32900000,20870959.17000000,1776383999999,26704363.03396000,117854,9721856.55000000,12435303.17421000,0
DOT,1776384000000,1.32800000,1.35500000,1.28500000,1.33400000,10674935.49000000,1776470399999,14127289.81617000,65600,5190711.93000000,6869641.54063000,0
DOT,1776470400000,1.33400000,1.34200000,1.27000000,1.27200000,6337921.01000000,1776556799999,8257515.01208000,39026,2930320.84000000,3820681.61875000,0
DOT,1776556800000,1.27300000,1.29100000,1.23500000,1.24000000,4985687.05000000,1776643199999,6302161.30482000,33544,2443838.21000000,3090472.32052000,0
DOT,1776643200000,1.23900000,1.29500000,1.23800000,1.28100000,4734339.71000000,1776729599999,6006001.52484000,32284,2369439.45000000,3006610.58704000,0
DOT,1776729600000,1.28000000,1.29200000,1.25700000,1.27900000,4607824.13000000,1776815999999,5878481.35984000,29649,2096828.48000000,2675147.65267000,0
DOT,1776816000000,1.27900000,1.32700000,1.27000000,1.30100000,4585338.11000000,1776902399999,5982455.53270000,25956,2465429.11000000,3217732.27363000,0
