symbol,open_time,open,high,low,close,volume,close_time,quote_asset_volume,number_of_trades,taker_buy_base_asset_volume,taker_buy_quote_asset_volume,ignore_field
MATIC,1662940800000,0.89340000,0.94040000,0.87170000,0.93010000,102118481.70000000,1663027199999,93200538.44075000,271807,52053632.90000000,47491403.49623000,0
MATIC,1663027200000,0.93010000,0.94360000,0.83890000,0.84610000,120684228.20000000,1663113599999,107593345.62798000,305391,60595270.70000000,54067640.57377000,0
MATIC,1663113600000,0.84600000,0.86820000,0.83020000,0.86450000,59338753.10000000,1663199999999,50573516.80836000,149172,28846586.80000000,24582616.85117000,0
MATIC,1663200000000,0.86460000,0.87610000,0.81750000,0.82510000,72521132.70000000,1663286399999,61277913.72155000,186030,36301039.70000000,30672596.97453000,0
MATIC,1663286400000,0.82520000,0.83130000,0.78730000,0.80690000,52889683.60000000,1663372799999,42776715.43352000,142528,26695955.00000000,21594388.38406000,0
MATIC,1663372800000,0.80680000,0.83110000,0.80490000,0.82790000,27039758.30000000,1663459199999,22105313.19655000,66821,12831834.10000000,10492694.27839000,0
MATIC,1663459200000,0.82800000,0.83670000,0.75000000,0.75330000,64802222.70000000,1663545599999,51932252.56498000,145785,30334802.00000000,24295611.72547000,0
MATIC,1663545600000,0.75330000,0.77540000,0.72480000,0.76550000,73085404.00000000,1663631999999,54821951.52659000,179668,35556547.60000000,26653485.99955000,0
MATIC,1663632000000,0.76530000,0.76920000,0.73000000,0.73330000,48949348.20000000,1663718399999,36651726.31034000,109759,23937384.90000000,17923152.97857000,0
MATIC,1663718400000,0.73330000,0.77800000,0.69010000,0.70070000,95101361.40000000,1663804799999,69705588.86644000,218083,47305254.30000000,34686660.18394000,0
MATIC,1663804800000,0.70060000,0.76280000,0.70030000,0.75210000,70671776.60000000,1663891199999,52268747.86924000,146806,35784843.50000000,26483786.54961000,0
MATIC,1663891200000,0.75230000,0.78550000,0.72280000,0.77840000,84151419.40000000,1663977599999,63177624.97537000,173950,41718496.50000000,31336156.90686000,0
MATIC,1663977600000,0.77840000,0.78240000,0.75000000,0.75270000,42348151.60000000,1664063999999,32588484.59220000,92391,20728374.90000000,15950780.12148000,0
MATIC,1664064000000,0.75280000,0.76710000,0.73100000,0.73970000,37385050.30000000,1664150399999,28122616.59885000,82484,18771084.40000000,14122445.20901000,0
MATIC,1664150400000,0.73950000,0.76160000,0.72620000,0.75570000,66516406.60000000,1664236799999,49571658.45858000,140893,33195156.00000000,24741297.97749000,0
MATIC,1664236800000,0.75570000,0.79370000,0.72610000,0.73890000,99429969.00000000,1664323199999,76024934.68091000,181056,49559198.80000000,37836012.73073000,0
MATIC,1664323200000,0.73900000,0.75490000,0.71200000,0.74730000,55942554.10000000,1664409599999,41115362.67441000,117617,27116867.40000000,19937792.39415000,0
MATIC,1664409600000,0.74730000,0.76480000,0.73110000,0.76310000,59553845.50000000,1664495999999,44545926.96782000,110870,28662161.30000000,21442820.00171000,0
MATIC,1664496000000,0.76350000,0.78970000,0.76050000,0.77780000,74769580.50000000,1664582399999,57971958.08167000,142495,36871302.40000000,28592717.28624000,0
MATIC,1664582400000,0.77810000,0.78130000,0.75930000,0.76700000,25219685.50000000,1664668799999,19442983.89553000,53974,11494550.00000000,8862082.69043000,0
MATIC,1664668800000,0.76690000,0.78380000,0.76110000,0.76310000,36168037.10000000,1664755199999,27919950.85221000,70344,17358916.60000000,13400951.05207000,0
MATIC,1664755200000,0.76320000,0.80730000,0.75440000,0.80020000,64369980.30000000,1664841599999,50463164.61171000,117450,32531446.80000000,25502661.92986000,0
MATIC,1664841600000,0.80020000,0.84370000,0.79990000,0.83510000,69927621.70000000,1664927999999,57871672.90308000,130581,36946174.70000000,30585841.27049000,0
MATIC,1664928000000,0.83510000,0.86070000,0.82090000,0.85120000,71309080.50000000,1665014399999,59855646.51876000,132095,35659481.90000000,29933215.52097000,0
MATIC,1665014400000,0.85120000,0.85960000,0.83030000,0.83360000,56063871.00000000,1665100799999,47326051.97601000,101241,27972891.70000000,23610731.18000000,0
MATIC,1665100800000,0.83350000,0.84820000,0.81860000,0.83150000,43204613.60000000,1665187199999,36126776.05471000,88529,22089308.30000000,18473959.69190000,0
MATIC,1665187200000,0.83140000,0.83500000,0.80810000,0.81440000,22349110.00000000,1665273599999,18336713.47901000,47179,10690499.90000000,8772179.34438000,0
MATIC,1665273600000,0.81440000,0.82990000,0.80800000,0.82550000,22036160.20000000,1665359999999,18092252.52006000,43695,10892594.70000000,8941656.21952000,0
MATIC,1665360000000,0.82550000,0.84310000,0.81160000,0.81360000,52677506.30000000,1665446399999,43767935.13103000,98118,27057905.50000000,22489985.41504000,0
MATIC,1665446400000,0.81360000,0.81360000,0.78450000,0.79090000,47553455.40000000,1665532799999,38034777.67489000,93930,23594702.20000000,18871907.43251000,0
MATIC,1665532800000,0.79090000,0.80180000,0.78190000,0.78290000,25450425.70000000,1665619199999,20160912.25043000,59487,12578354.70000000,9964751.38866000,0
MATIC,1665619200000,0.78270000,0.78750000,0.71560000,0.77500000,70217913.90000000,1665705599999,52764022.02755000,168725,34011542.00000000,25555938.55560000,0
MATIC,1665705600000,0.77480000,0.82280000,0.77470000,0.79330000,56700990.90000000,1665791999999,45514763.05958000,138600,28764185.40000000,23087463.12235000,0
MATIC,1665792000000,0.79330000,0.81000000,0.78590000,0.78920000,27921576.10000000,1665878399999,22271252.08863000,80660,13296315.80000000,10608672.15334000,0
MATIC,1665878400000,0.78920000,0.80990000,0.78810000,0.79840000,21642765.80000000,1665964799999,17273966.70842000,60394,11282071.70000000,9004281.98599000,0
MATIC,1665964800000,0.79830000,0.85000000,0.79580000,0.84820000,49566523.70000000,1666051199999,41055443.32148000,125170,25192956.40000000,20878144.01655000,0
MATIC,1666051200000,0.84830000,0.88140000,0.83570000,0.86420000,98636927.70000000,1666137599999,84786951.97127000,221246,50623168.30000000,43474503.81203000,0
MATIC,1666137600000,0.86400000,0.88120000,0.83980000,0.84450000,69116601.30000000,1666223999999,59716273.42669000,178729,34211424.70000000,29556106.59722000,0
MATIC,1666224000000,0.84450000,0.84830000,0.80540000,0.80940000,71430587.00000000,1666310399999,59315490.42902000,170248,35262943.80000000,29249294.41504000,0
MATIC,1666310400000,0.80940000,0.83360000,0.77470000,0.83200000,74134213.30000000,1666396799999,59664873.00680000,165226,35310699.90000000,28403396.85809000,0
MATIC,1666396800000,0.83210000,0.84070000,0.81270000,0.83190000,37710089.00000000,1666483199999,31214389.25404000,77096,17887648.40000000,14805607.14057000,0
MATIC,1666483200000,0.83190000,0.90470000,0.82040000,0.89860000,69369080.00000000,1666569599999,59403999.41001000,147240,36626353.60000000,31389801.38705000,0
MATIC,1666569600000,0.89860000,0.90880000,0.87190000,0.89310000,92087558.50000000,1666655999999,82089448.80911000,212540,46804200.40000000,41718760.23884000,0
MATIC,1666656000000,0.89320000,0.94870000,0.87470000,0.91760000,98785228.70000000,1666742399999,89878448.57472000,249750,50635187.60000000,46067992.80258000,0
MATIC,1666742400000,0.91760000,0.96800000,0.91760000,0.93730000,104834000.10000000,1666828799999,98876903.22136000,229922,53073435.10000000,50053457.99470000,0
MATIC,1666828800000,0.93720000,0.94800000,0.89360000,0.90360000,97730707.30000000,1666915199999,90484632.05950000,213259,49920591.60000000,46227451.47661000,0
MATIC,1666915200000,0.90360000,0.94690000,0.89420000,0.94440000,69963617.80000000,1667001599999,64301555.61600000,154968,35873801.10000000,32964994.81138000,0
MATIC,1667001600000,0.94430000,0.95930000,0.92570000,0.93360000,65433748.50000000,1667087999999,61531901.88421000,148630,33829938.50000000,31811284.55892000,0
MATIC,1667088000000,0.93350000,0.94880000,0.89860000,0.90840000,64416028.00000000,1667174399999,59478237.58939000,145441,30465627.90000000,28117794.65631000,0
MATIC,1667174400000,0.90840000,0.92980000,0.89310000,0.90260000,59360219.50000000,1667260799999,54011618.44960000,133600,29980626.80000000,27275392.52023000,0
MATIC,1667260800000,0.90260000,0.90940000,0.87240000,0.87390000,47627967.50000000,1667347199999,42535770.50381000,116156,23475639.40000000,20980448.81795000,0
MATIC,1667347200000,0.87390000,0.89150000,0.83700000,0.87340000,110965532.10000000,1667433599999,95616698.73952000,266551,54865206.10000000,47264635.48791000,0
MATIC,1667433600000,0.87330000,0.98430000,0.86840000,0.95120000,174644970.20000000,1667519999999,165610833.17746000,425593,86982541.80000000,82418677.88167000,0
MATIC,1667520000000,0.95120000,1.19900000,0.95050000,1.16920000,300277375.50000000,1667606399999,333583998.29469000,1053988,152717012.30000000,169518566.84869000,0
MATIC,1667606400000,1.16910000,1.30710000,1.15310000,1.18460000,189393717.40000000,1667692799999,229520531.60225000,604349,95002561.00000000,115232007.49623000,0
MATIC,1667692800000,1.18490000,1.21500000,1.13260000,1.13500000,108660119.20000000,1667779199999,126637668.85627000,338156,53273491.30000000,62114161.16534000,0
MATIC,1667779200000,1.13480000,1.29100000,1.12910000,1.25740000,240665299.20000000,1667865599999,294128622.14430000,749780,117790053.20000000,143856192.13611000,0
MATIC,1667865600000,1.25740000,1.27500000,0.90000000,1.04400000,429018153.60000000,1667951999999,476943590.18661000,1332502,211303263.90000000,235279483.19184000,0
MATIC,1667952000000,1.04420000,1.07080000,0.76240000,0.81650000,380019927.50000000,1668038399999,344263814.56267000,1127566,182815348.20000000,165831396.38404000,0
MATIC,1668038400000,0.81650000,1.16210000,0.80040000,1.12450000,439582528.40000000,1668124799999,441008190.01460000,1270612,219876750.70000000,220373165.21524000,0
MATIC,1668124800000,1.12450000,1.16080000,0.96630000,1.06430000,252229352.60000000,1668211199999,266262995.78373000,773998,124653754.20000000,131620246.26084000,0
MATIC,1668211200000,1.06450000,1.06800000,0.92630000,0.93960000,168096609.60000000,1668297599999,163354807.87907000,557169,83254876.90000000,80935752.82778000,0
MATIC,1668297600000,0.93960000,0.96860000,0.86480000,0.88940000,123531551.90000000,1668383999999,112373833.89994000,424702,60602816.60000000,55140995.52211000,0
MATIC,1668384000000,0.88940000,0.96310000,0.83180000,0.91770000,229867545.80000000,1668470399999,209006671.94480000,681630,110686823.90000000,100731309.83181000,0
MATIC,1668470400000,0.91770000,0.97350000,0.90670000,0.94170000,138509381.40000000,1668556799999,130636205.43733000,413893,72204436.50000000,68106087.47786000,0
MATIC,1668556800000,0.94180000,0.95650000,0.87880000,0.89810000,101978756.00000000,1668643199999,92817749.67376000,293974,54382143.00000000,49467317.15508000,0
MATIC,1668643200000,0.89810000,0.91230000,0.86260000,0.87430000,101835293.20000000,1668729599999,89998051.19366000,252240,50854505.90000000,44921855.04390000,0
MATIC,1668729600000,0.87430000,0.89970000,0.86820000,0.87950000,67124443.70000000,1668815999999,59437822.78536000,166500,34774117.70000000,30785723.57775000,0
MATIC,1668816000000,0.87950000,0.88340000,0.84970000,0.87620000,48707549.20000000,1668902399999,42177338.56298000,119656,23296638.90000000,20172706.04648000,0
MATIC,1668902400000,0.87610000,0.88170000,0.79900000,0.80690000,103107522.10000000,1668988799999,86193444.43571000,228006,48796025.80000000,40799602.01976000,0
MATIC,1668988800000,0.80690000,0.82100000,0.76400000,0.79600000,160051447.30000000,1669075199999,127219052.33744000,362044,80051510.70000000,63624958.77086000,0
MATIC,1669075200000,0.79610000,0.86680000,0.77840000,0.85130000,175588937.20000000,1669161599999,145661370.73012000,376967,89007306.20000000,73872243.20403000,0
MATIC,1669161600000,0.85140000,0.87320000,0.83630000,0.86140000,110245680.90000000,1669247999999,94330703.97270000,244970,55949777.20000000,47867291.41088000,0
MATIC,1669248000000,0.86140000,0.89140000,0.84210000,0.84890000,83489471.70000000,1669334399999,71933486.97543000,185013,41191023.40000000,35506441.12264000,0
MATIC,1669334400000,0.84890000,0.84960000,0.81960000,0.84420000,51619516.30000000,1669420799999,43218765.79239000,127325,25110932.50000000,21027729.29828000,0
MATIC,1669420800000,0.84420000,0.87180000,0.83850000,0.84640000,50094639.30000000,1669507199999,42924500.52187000,125729,25219989.10000000,21612683.63112000,0
MATIC,1669507200000,0.84640000,0.86620000,0.84060000,0.84400000,40179484.60000000,1669593599999,34378233.13948000,94835,19752324.20000000,16897915.83360000,0
MATIC,1669593600000,0.84380000,0.84910000,0.80420000,0.82130000,67820385.30000000,1669679999999,55704715.11197000,158116,32580361.40000000,26757869.24221000,0
MATIC,1669680000000,0.82120000,0.84690000,0.81330000,0.83840000,46886705.50000000,1669766399999,39158223.70357000,116164,24432413.90000000,20405483.80741000,0
MATIC,1669766400000,0.83850000,0.94440000,0.83700000,0.93300000,105463856.60000000,1669852799999,93468625.63814000,249032,53600372.40000000,47531877.10047000,0
MATIC,1669852800000,0.93300000,0.94520000,0.90570000,0.90890000,95499520.30000000,1669939199999,88168489.00160000,234985,47092340.10000000,43486228.32763000,0
MATIC,1669939200000,0.90890000,0.94900000,0.89770000,0.94880000,75021481.80000000,1670025599999,69007443.53004000,160435,37382284.00000000,34387112.63692000,0
MATIC,1670025600000,0.94850000,0.95020000,0.89970000,0.90290000,46360672.40000000,1670111999999,42822462.85727000,103572,21261314.70000000,19635149.18435000,0
MATIC,1670112000000,0.90310000,0.92330000,0.90110000,0.92120000,32103473.70000000,1670198399999,29356707.64993000,74187,15832946.90000000,14479358.83520000,0
MATIC,1670198400000,0.92110000,0.94520000,0.89980000,0.91160000,70042641.70000000,1670284799999,64542421.86749000,142462,36238029.30000000,33364250.25827000,0
MATIC,1670284800000,0.91170000,0.92120000,0.89400000,0.91760000,50335479.40000000,1670371199999,45816001.18293000,98233,24824364.80000000,22597984.48574000,0
MATIC,1670371200000,0.91780000,0.91990000,0.87080000,0.89730000,73597178.60000000,1670457599999,65421084.69810000,140761,34520323.10000000,30682661.91052000,0
MATIC,1670457600000,0.89730000,0.93150000,0.88740000,0.92760000,56439864.50000000,1670543999999,51263906.98583000,117995,28585769.40000000,25968198.67478000,0
MATIC,1670544000000,0.92760000,0.93470000,0.90810000,0.90970000,46265511.10000000,1670630399999,42629091.53356000,94917,22719960.00000000,20935596.92191000,0
MATIC,1670630400000,0.90980000,0.91670000,0.90040000,0.90820000,28182643.90000000,1670716799999,25564028.28951000,56963,15018897.60000000,13621189.95082000,0
MATIC,1670716800000,0.90820000,0.91500000,0.88880000,0.89220000,25372990.40000000,1670803199999,22939861.87814000,56067,12029867.80000000,10877602.72118000,0
MATIC,1670803200000,0.89210000,0.91280000,0.87000000,0.91070000,53203041.90000000,1670889599999,47274002.32296000,107075,26404467.30000000,23473479.05671000,0
MATIC,1670889600000,0.91070000,0.94190000,0.87890000,0.92440000,102623490.40000000,1670975999999,93676118.41158000,196244,49341930.40000000,45045948.56841000,0
MATIC,1670976000000,0.92440000,0.93830000,0.89360000,0.90260000,72757384.50000000,1671062399999,66826851.56437000,137799,34956138.30000000,32121582.24101000,0
MATIC,1671062400000,0.90290000,0.90620000,0.87210000,0.87870000,50583863.60000000,1671148799999,45010226.88415000,98715,23620283.20000000,21005694.09242000,0
MATIC,1671148800000,0.87870000,0.89100000,0.78130000,0.79530000,101403720.70000000,1671235199999,84944651.10726000,205947,47089450.10000000,39488276.34976000,0
MATIC,1671235200000,0.79530000,0.81880000,0.78160000,0.81560000,59801878.40000000,1671321599999,48035418.84564000,109204,28523361.40000000,22910811.19494000,0
MATIC,1671321600000,0.81560000,0.82640000,0.80260000,0.81260000,35962632.20000000,1671407999999,29278435.66487000,66379,17562771.40000000,14298401.51897000,0
MATIC,1671408000000,0.81270000,0.82180000,0.75700000,0.77370000,82625037.10000000,1671494399999,65210500.02081000,151058,42474766.60000000,33549593.81130000,0
MATIC,1671494400000,0.77360000,0.80880000,0.76780000,0.80120000,75702229.40000000,1671580799999,60226813.83826000,124900,40673078.20000000,32357357.15594000,0
MATIC,1671580800000,0.80120000,0.80360000,0.78570000,0.79380000,37724415.80000000,1671667199999,29938651.61776000,65627,18521330.20000000,14696522.21340000,0
MATIC,1671667200000,0.79390000,0.79760000,0.76980000,0.79660000,47522907.20000000,1671753599999,37389458.48310000,77652,23617613.60000000,18582168.41496000,0
MATIC,1671753600000,0.79660000,0.80720000,0.79060000,0.79910000,37371721.90000000,1671839999999,29879025.89640000,70475,18547183.60000000,14827672.35293000,0
MATIC,1671840000000,0.79920000,0.80110000,0.79300000,0.79580000,16152930.60000000,1671926399999,12878966.91154000,32994,7572414.30000000,6037574.74593000,0
MATIC,1671926400000,0.79560000,0.79910000,0.78530000,0.79500000,21488619.90000000,1672012799999,17021958.36340000,40931,10388317.10000000,8229074.67818000,0
MATIC,1672012800000,0.79520000,0.81680000,0.79360000,0.81540000,27562698.70000000,1672099199999,22150194.31359000,52842,13989556.10000000,11244757.72016000,0
MATIC,1672099200000,0.81540000,0.81960000,0.79730000,0.80630000,36924059.60000000,1672185599999,29914021.35104000,67763,17825325.10000000,14441392.89235000,0
MATIC,1672185600000,0.80640000,0.80850000,0.77500000,0.78270000,50667384.90000000,1672271999999,39901871.86158000,92184,25121137.20000000,19782087.06242000,0
MATIC,1672272000000,0.78270000,0.78670000,0.76880000,0.77690000,38877378.90000000,1672358399999,30284115.72370000,68394,19212670.20000000,14964791.07656000,0
MATIC,1672358400000,0.77690000,0.78110000,0.74720000,0.76120000,48066470.60000000,1672444799999,36526193.79245000,83654,23225697.30000000,17650241.59705000,0
MATIC,1672444800000,0.76130000,0.77180000,0.75360000,0.75830000,20701094.30000000,1672531199999,15774818.38546000,41021,10419657.50000000,7940746.35170000,0
MATIC,1672531200000,0.75840000,0.76270000,0.74770000,0.76030000,18521544.50000000,1672617599999,13994531.99958000,37980,9124110.90000000,6893625.16384000,0
MATIC,1672617600000,0.76010000,0.79070000,0.74930000,0.78090000,43701826.20000000,1672703999999,33775027.48109000,75600,22684390.20000000,17538317.24317000,0
MATIC,1672704000000,0.78090000,0.78850000,0.77140000,0.77980000,34773381.30000000,1672790399999,27111537.59607000,65043,16520849.30000000,12880003.93751000,0
MATIC,1672790400000,0.77970000,0.81430000,0.77720000,0.80680000,68453752.50000000,1672876799999,54886910.69803000,113266,34587857.30000000,27730489.70706000,0
MATIC,1672876800000,0.80690000,0.81080000,0.78500000,0.78900000,37847137.90000000,1672963199999,30127394.78258000,66687,18780334.50000000,14952057.29589000,0
MATIC,1672963200000,0.78910000,0.80030000,0.77110000,0.79920000,46408010.40000000,1673049599999,36421400.26211000,82315,23922045.20000000,18768896.44909000,0
MATIC,1673049600000,0.79930000,0.81130000,0.79810000,0.80630000,30097362.30000000,1673135999999,24211717.47300000,53099,14674999.30000000,11805067.53351000,0
MATIC,1673136000000,0.80640000,0.84500000,0.79650000,0.84070000,49373795.70000000,1673222399999,40234353.77661000,90546,25064382.50000000,20434241.72161000,0
MATIC,1673222400000,0.84050000,0.87700000,0.83480000,0.84260000,109575625.50000000,1673308799999,93856846.08322000,183500,53795226.80000000,46094992.09591000,0
MATIC,1673308800000,0.84260000,0.86090000,0.83190000,0.85850000,52018558.70000000,1673395199999,44120488.02986000,97666,25740147.60000000,21829940.62746000,0
MATIC,1673395200000,0.85850000,0.90120000,0.84430000,0.89140000,63992519.90000000,1673481599999,55312637.60111000,131660,32183201.90000000,27834766.74001000,0
MATIC,1673481600000,0.89140000,0.92400000,0.85400000,0.91520000,128894981.80000000,1673567999999,115095514.67716000,222998,64431801.80000000,57555052.09744000,0
MATIC,1673568000000,0.91520000,0.93940000,0.89550000,0.93040000,72814357.70000000,1673654399999,66565801.81007000,145144,36684373.60000000,33529261.15580000,0
MATIC,1673654400000,0.93050000,1.05510000,0.92920000,0.99810000,185014275.60000000,1673740799999,182802572.68735000,421446,92882680.50000000,91839731.06524000,0
MATIC,1673740800000,0.99780000,1.00300000,0.95400000,0.98310000,69071343.00000000,1673827199999,67441861.11335000,152097,33759237.20000000,32958165.61787000,0
MATIC,1673827200000,0.98310000,1.04770000,0.96660000,1.01950000,134817061.50000000,1673913599999,135757779.82523000,299456,67125057.30000000,67630260.65622000,0
MATIC,1673913600000,1.01950000,1.03840000,0.99120000,0.99410000,71496887.30000000,1673999999999,72448132.77248000,189005,35041804.60000000,35509733.30533000,0
MATIC,1674000000000,0.99410000,1.01980000,0.92500000,0.93800000,100446124.10000000,1674086399999,98065066.56774000,263012,48212844.20000000,47034025.07267000,0
MATIC,1674086400000,0.93800000,0.95700000,0.91670000,0.95280000,59956833.00000000,1674172799999,56370186.48508000,126541,29285091.20000000,27540886.57598000,0
MATIC,1674172800000,0.95290000,1.02780000,0.93720000,1.02600000,73706577.50000000,1674259199999,72049919.25793000,168465,36674888.70000000,35846252.83806000,0
MATIC,1674259200000,1.02590000,1.04090000,0.98600000,0.98970000,96255117.80000000,1674345599999,97900403.76265000,223707,45491186.00000000,46285171.46621000,0
MATIC,1674345600000,0.98980000,1.03130000,0.97500000,0.99390000,80600603.10000000,1674431999999,80716714.78441000,199665,38069949.00000000,38107531.00392000,0
MATIC,1674432000000,0.99400000,1.01400000,0.96920000,0.99360000,72198083.50000000,1674518399999,72026764.79697000,167065,35061106.40000000,34967293.44972000,0
MATIC,1674518400000,0.99360000,1.04220000,0.94010000,0.95550000,90862812.80000000,1674604799999,90757674.27660000,237642,45213044.30000000,45192478.11077000,0
MATIC,1674604800000,0.95550000,1.01850000,0.93180000,0.99200000,87320934.80000000,1674691199999,84318519.60528000,209236,41043899.80000000,39640835.62376000,0
MATIC,1674691200000,0.99220000,1.12800000,0.98620000,1.12400000,154935443.10000000,1674777599999,164248988.28374000,437364,75907769.30000000,80461778.17110000,0
MATIC,1674777600000,1.12400000,1.19000000,1.06220000,1.15880000,161355791.90000000,1674863999999,180539910.36130000,453730,79964774.30000000,89515339.50031000,0
MATIC,1674864000000,1.15830000,1.16940000,1.09100000,1.14420000,104492642.80000000,1674950399999,118625062.25957000,287381,50481487.10000000,57289653.41311000,0
MATIC,1674950400000,1.14420000,1.20000000,1.12840000,1.17800000,103374340.40000000,1675036799999,120614963.96358000,282338,49554743.60000000,57834620.36268000,0
MATIC,1675036800000,1.17820000,1.18000000,1.06500000,1.08750000,105616115.30000000,1675123199999,117923312.61559000,293227,50557531.10000000,56371621.96486000,0
MATIC,1675123200000,1.08740000,1.12320000,1.07740000,1.10940000,63558466.30000000,1675209599999,69992359.82299000,187892,31921680.40000000,35164895.23452000,0
MATIC,1675209600000,1.10950000,1.20560000,1.06770000,1.19370000,104083715.10000000,1675295999999,117093317.60658000,312184,52970455.40000000,59675868.88972000,0
MATIC,1675296000000,1.19370000,1.25710000,1.17450000,1.18100000,133565522.10000000,1675382399999,163775460.97889000,393303,67553278.20000000,82855336.80038000,0
MATIC,1675382400000,1.18130000,1.25380000,1.16620000,1.24600000,111965351.40000000,1675468799999,135208372.37570000,301752,54828517.60000000,66196924.48309000,0
MATIC,1675468800000,1.24580000,1.28410000,1.21550000,1.25450000,78517005.30000000,1675555199999,98043696.71857000,240939,37767834.50000000,47155753.11404000,0
MATIC,1675555200000,1.25450000,1.25990000,1.18360000,1.20280000,85406278.80000000,1675641599999,103813397.76986000,238999,39249735.60000000,47705736.99096000,0
MATIC,1675641600000,1.20280000,1.23780000,1.17260000,1.19100000,59505122.90000000,1675727999999,71782201.41916000,185251,28658161.90000000,34579320.73198000,0
MATIC,1675728000000,1.19120000,1.27170000,1.18770000,1.26990000,78250257.80000000,1675814399999,96584445.51750000,235354,39075446.80000000,48239799.43326000,0
MATIC,1675814400000,1.26980000,1.35220000,1.25440000,1.30620000,131414783.70000000,1675900799999,170679068.05999000,420139,65894944.80000000,85601464.63065000,0
MATIC,1675900800000,1.30630000,1.34900000,1.20150000,1.22970000,175003437.30000000,1675987199999,224889150.58804000,549639,86680432.40000000,111402533.25281000,0
MATIC,1675987200000,1.22950000,1.31360000,1.21060000,1.22980000,146245466.10000000,1676073599999,185373557.84733000,458925,70398989.00000000,89261945.68433000,0
MATIC,1676073600000,1.22970000,1.25760000,1.21300000,1.24930000,67441924.30000000,1676159999999,83404956.94864000,208467,32087354.20000000,39687404.09148000,0
MATIC,1676160000000,1.24930000,1.30320000,1.22110000,1.23600000,78834152.50000000,1676246399999,100135555.08716000,244222,38873880.60000000,49399469.86738000,0
MATIC,1676246400000,1.23600000,1.24380000,1.13650000,1.18510000,119907523.00000000,1676332799999,141872464.92248000,336661,56801148.10000000,67194950.07397000,0
MATIC,1676332800000,1.18490000,1.26020000,1.15600000,1.25790000,123684987.30000000,1676419199999,149598971.18264000,323260,62828893.30000000,76092362.84671000,0
MATIC,1676419200000,1.25800000,1.33300000,1.23250000,1.32830000,87915959.80000000,1676505599999,112401469.73247000,265640,45536505.50000000,58236537.17626000,0
MATIC,1676505600000,1.32820000,1.46690000,1.31910000,1.37110000,182353199.10000000,1676591999999,253546744.05445000,586293,91292364.50000000,126839335.03942000,0
MATIC,1676592000000,1.37120000,1.54960000,1.36930000,1.52390000,183569259.10000000,1676678399999,267801660.84646000,603162,93252147.50000000,135991078.29668000,0
MATIC,1676678400000,1.52380000,1.56810000,1.47340000,1.48470000,96263833.50000000,1676764799999,146575287.20971000,328051,48230884.70000000,73451839.87792000,0
MATIC,1676764800000,1.48480000,1.53630000,1.46130000,1.47850000,100615653.50000000,1676851199999,151485974.06537000,318329,49009779.60000000,73788226.55282000,0
MATIC,1676851200000,1.47850000,1.50730000,1.43110000,1.47530000,86154559.20000000,1676937599999,127205685.17376000,272162,41692713.80000000,61566679.69401000,0
MATIC,1676937600000,1.47530000,1.50240000,1.36210000,1.38670000,114835224.20000000,1677023999999,163472280.56921000,328343,55373044.70000000,78826399.39672000,0
MATIC,1677024000000,1.38660000,1.40180000,1.31950000,1.39560000,109389336.30000000,1677110399999,148506874.27040000,317485,54240609.90000000,73660363.44208000,0
MATIC,1677110400000,1.39590000,1.41880000,1.33310000,1.35330000,76204290.90000000,1677196799999,104897302.66578000,234850,36600327.80000000,50422930.29562000,0
MATIC,1677196800000,1.35340000,1.36370000,1.24350000,1.26500000,96442453.80000000,1677283199999,125315027.29930000,271364,44979438.40000000,58441862.95301000,0
MATIC,1677283200000,1.26490000,1.27830000,1.19390000,1.24700000,73023179.50000000,1677369599999,90836816.75979000,235620,35991890.40000000,44776610.92085000,0
MATIC,1677369600000,1.24690000,1.30000000,1.23730000,1.28170000,60693640.50000000,1677455999999,77133728.89766000,191777,30563986.60000000,38848861.22706000,0
MATIC,1677456000000,1.28170000,1.28740000,1.21350000,1.23450000,91008779.10000000,1677542399999,114017060.17606000,249946,44134925.20000000,55263261.58222000,0
MATIC,1677542400000,1.23460000,1.24400000,1.18030000,1.19640000,85501607.80000000,1677628799999,104302921.18187000,192867,40798850.20000000,49811383.38007000,0
MATIC,1677628800000,1.19630000,1.26400000,1.19030000,1.24890000,73272414.30000000,1677715199999,90681614.95752000,186482,35922596.00000000,44448437.80745000,0
MATIC,1677715200000,1.24890000,1.25380000,1.19170000,1.22740000,56731954.30000000,1677801599999,68897671.29193000,140645,27423878.80000000,33300466.23169000,0
MATIC,1677801600000,1.22730000,1.22860000,1.12240000,1.16900000,101223835.40000000,1677887999999,117825916.09799000,246062,48396217.50000000,56342112.28349000,0
MATIC,1677888000000,1.16890000,1.17710000,1.09200000,1.12770000,54449243.50000000,1677974399999,61624175.16538000,162062,26130209.50000000,29584146.82384000,0
MATIC,1677974400000,1.12770000,1.15980000,1.11800000,1.13600000,50311053.70000000,1678060799999,57491719.70744000,132097,24691871.40000000,28211893.28984000,0
MATIC,1678060800000,1.13600000,1.14740000,1.11440000,1.13090000,47628646.60000000,1678147199999,53798102.13044000,118097,24208094.60000000,27344553.97261000,0
MATIC,1678147200000,1.13100000,1.16900000,1.11200000,1.15010000,83913518.00000000,1678233599999,95757138.35002000,206737,41395963.60000000,47243502.27788000,0
MATIC,1678233600000,1.15020000,1.15760000,1.03850000,1.05070000,99004188.90000000,1678319999999,108654492.60863000,231822,47854313.80000000,52546339.95088000,0
MATIC,1678320000000,1.05070000,1.09430000,0.97000000,1.01720000,134098922.30000000,1678406399999,139960169.54125000,296300,65293784.00000000,68198105.86788000,0
MATIC,1678406400000,1.01720000,1.06900000,0.94260000,1.05750000,158147999.30000000,1678492799999,159895387.66405000,387461,79625463.80000000,80541110.77697000,0
MATIC,1678492800000,1.05760000,1.08780000,0.98660000,1.05630000,128442596.10000000,1678579199999,133157567.89960000,382010,61972335.60000000,64210090.61913000,0
MATIC,1678579200000,1.05630000,1.15400000,1.03800000,1.14910000,130111687.80000000,1678665599999,141499735.97052000,376412,66563215.60000000,72420202.50533000,0
MATIC,1678665600000,1.14920000,1.19950000,1.09160000,1.19290000,161189815.40000000,1678751999999,185691879.30558000,454898,78928188.20000000,90908127.83669000,0
MATIC,1678752000000,1.19280000,1.24430000,1.14150000,1.19620000,167054860.50000000,1678838399999,199676209.65274000,467102,83257773.10000000,99507984.46174000,0
MATIC,1678838400000,1.19600000,1.22800000,1.07480000,1.11150000,139105773.60000000,1678924799999,160548015.41080000,417084,66990471.90000000,77307989.54188000,0
MATIC,1678924800000,1.11180000,1.15680000,1.09710000,1.14780000,92359555.30000000,1679011199999,104288377.18052000,252034,44676338.40000000,50437975.42357000,0
MATIC,1679011200000,1.14780000,1.22830000,1.13480000,1.22250000,97688607.80000000,1679097599999,115995716.85718000,307231,51259400.70000000,60857960.74482000,0
MATIC,1679097600000,1.22250000,1.24990000,1.16410000,1.17040000,98060311.70000000,1679183999999,119189608.80283000,309762,48192662.40000000,58609834.98601000,0
MATIC,1679184000000,1.17040000,1.21750000,1.15630000,1.16620000,74870824.90000000,1679270399999,89029319.27536000,237171,39413934.40000000,46872489.13595000,0
MATIC,1679270400000,1.16630000,1.17170000,1.09720000,1.10270000,137013592.30000000,1679356799999,155930013.89475000,360302,67866825.50000000,77227529.70765000,0
MATIC,1679356800000,1.10270000,1.16960000,1.07880000,1.15260000,106479343.20000000,1679443199999,120198260.28459000,310714,54592481.90000000,61644738.75183000,0
MATIC,1679443200000,1.15280000,1.16000000,1.08600000,1.10770000,105165344.90000000,1679529599999,119057006.63619000,319942,52852275.60000000,59860798.32857000,0
MATIC,1679529600000,1.10780000,1.15790000,1.09910000,1.13600000,72673660.70000000,1679615999999,81671217.89253000,238497,36755905.60000000,41312403.53681000,0
MATIC,1679616000000,1.13610000,1.14800000,1.06320000,1.09680000,86209117.20000000,1679702399999,95184897.70735000,268340,42913674.70000000,47395399.34370000,0
MATIC,1679702400000,1.09690000,1.11290000,1.06190000,1.07860000,57706854.30000000,1679788799999,62900091.32740000,172784,30145128.10000000,32838395.58359000,0
MATIC,1679788800000,1.07860000,1.11960000,1.07250000,1.10400000,47511889.40000000,1679875199999,52135288.02101000,147355,23559470.70000000,25852420.99671000,0
MATIC,1679875200000,1.10390000,1.10860000,1.02550000,1.04550000,82884293.30000000,1679961599999,87985608.30705000,222090,39822365.00000000,42262331.45620000,0
MATIC,1679961600000,1.04540000,1.10560000,1.03270000,1.08600000,65145868.60000000,1680047999999,69239379.54968000,191757,32070966.30000000,34083150.00094000,0
MATIC,1680048000000,1.08590000,1.14640000,1.08420000,1.12230000,73571360.40000000,1680134399999,82689733.28039000,226021,40184169.50000000,45137504.32589000,0
MATIC,1680134400000,1.12220000,1.14250000,1.07900000,1.09300000,69415954.40000000,1680220799999,76826796.26059000,210887,33522685.20000000,37118609.37150000,0
MATIC,1680220800000,1.09300000,1.12350000,1.07320000,1.11760000,56752022.70000000,1680307199999,62448974.79156000,154106,28147043.10000000,30968332.50314000,0
MATIC,1680307200000,1.11760000,1.12840000,1.09710000,1.11200000,33675594.50000000,1680393599999,37390504.62712000,112222,16702138.40000000,18549111.25085000,0
MATIC,1680393600000,1.11200000,1.12200000,1.08090000,1.09530000,32275091.50000000,1680479999999,35585418.93036000,132127,15548910.30000000,17149938.48792000,0
MATIC,1680480000000,1.09530000,1.11920000,1.06870000,1.09690000,65527596.10000000,1680566399999,71946264.98267000,224351,32560997.40000000,35749852.11745000,0
MATIC,1680566400000,1.09690000,1.15500000,1.09220000,1.13880000,62782815.30000000,1680652799999,70575385.91913000,199419,33278576.10000000,37407904.13703000,0
MATIC,1680652800000,1.13870000,1.16930000,1.12120000,1.14030000,55452938.50000000,1680739199999,63499895.96101000,188239,27598344.80000000,31614116.00527000,0
MATIC,1680739200000,1.14020000,1.14170000,1.10680000,1.11480000,34323644.40000000,1680825599999,38451542.47932000,123520,16986641.20000000,19030818.30473000,0
MATIC,1680825600000,1.11470000,1.12020000,1.09570000,1.10690000,29905601.10000000,1680911999999,33098380.17316000,101597,15023468.80000000,16627108.47711000,0
MATIC,1680912000000,1.10690000,1.11760000,1.09950000,1.10200000,18119817.90000000,1680998399999,20110832.53351000,69864,8875906.10000000,9851197.08328000,0
MATIC,1680998400000,1.10190000,1.10990000,1.08340000,1.10080000,29136430.20000000,1681084799999,31932495.33957000,96394,14370449.40000000,15754754.65277000,0
MATIC,1681084800000,1.10080000,1.12410000,1.08640000,1.12070000,36381653.10000000,1681171199999,40233727.07133000,107178,18514929.80000000,20485557.30227000,0
MATIC,1681171200000,1.12080000,1.13140000,1.10860000,1.11200000,41221811.90000000,1681257599999,46248413.51252000,116790,20454054.20000000,22943740.43451000,0
MATIC,1681257600000,1.11210000,1.11700000,1.08090000,1.10370000,49608152.80000000,1681343999999,54504142.17403000,153157,25256456.30000000,27750097.91535000,0
MATIC,1681344000000,1.10370000,1.13900000,1.09590000,1.13340000,47157902.60000000,1681430399999,53112007.79602000,132934,25145874.40000000,28322669.21942000,0
MATIC,1681430400000,1.13350000,1.19000000,1.13330000,1.15990000,103734364.40000000,1681516799999,121086297.95876000,280035,55581550.70000000,64873200.62302000,0
MATIC,1681516800000,1.15980000,1.18470000,1.14260000,1.17020000,56850756.60000000,1681603199999,66353375.69767000,148953,26005396.90000000,30345616.67133000,0
MATIC,1681603200000,1.17030000,1.18850000,1.15050000,1.18280000,39211719.30000000,1681689599999,45770219.46987000,116798,18628857.00000000,21743789.43664000,0
MATIC,1681689600000,1.18290000,1.18450000,1.14620000,1.15290000,57261192.60000000,1681775999999,66703699.83702000,153231,25749388.20000000,29986519.67742000,0
MATIC,1681776000000,1.15300000,1.18400000,1.14220000,1.17180000,50427246.30000000,1681862399999,58894862.89527000,127728,25455039.20000000,29732362.90974000,0
MATIC,1681862400000,1.17180000,1.17760000,1.05500000,1.08430000,87360572.00000000,1681948799999,97555598.31569000,265407,42147561.30000000,47057333.81044000,0
MATIC,1681948800000,1.08400000,1.09830000,1.03690000,1.04580000,76321479.20000000,1682035199999,81569604.09185000,196765,39777038.60000000,42539296.27021000,0
MATIC,1682035200000,1.04580000,1.05750000,1.00000000,1.01150000,59168608.70000000,1682121599999,61087328.10310000,174287,28663081.80000000,29615479.56674000,0
MATIC,1682121600000,1.01160000,1.02840000,1.00550000,1.02450000,31886638.10000000,1682207999999,32452445.21799000,89593,16062925.40000000,16345224.18315000,0
MATIC,1682208000000,1.02480000,1.03250000,0.97850000,1.00370000,46620740.20000000,1682294399999,46899417.56990000,132675,22801089.40000000,22935691.89936000,0
MATIC,1682294400000,1.00370000,1.02490000,0.97260000,0.98890000,60968224.40000000,1682380799999,60663980.45072000,159631,30937507.10000000,30787624.55626000,0
MATIC,1682380800000,0.98900000,1.01680000,0.94950000,1.00430000,68309773.10000000,1682467199999,66488474.92775000,167761,33892359.80000000,32995157.72853000,0
MATIC,1682467200000,1.00440000,1.05950000,0.94350000,0.98590000,112722354.70000000,1682553599999,113448261.72856000,281061,55524825.70000000,55941158.46041000,0
MATIC,1682553600000,0.98580000,1.03100000,0.97870000,1.01220000,78910649.10000000,1682639999999,79303895.63454000,202389,41411448.70000000,41629794.72214000,0
MATIC,1682640000000,1.01220000,1.01610000,0.97970000,0.99840000,51748452.10000000,1682726399999,51685368.33800000,121645,27722736.70000000,27699418.94706000,0
MATIC,1682726400000,0.99830000,1.02330000,0.99220000,1.00320000,36255695.00000000,1682812799999,36555214.50665000,99017,19584080.40000000,19747852.59142000,0
MATIC,1682812800000,1.00320000,1.01590000,0.97420000,0.98070000,43418304.30000000,1682899199999,43282433.35464000,116211,21897010.20000000,21847018.12218000,0
MATIC,1682899200000,0.98070000,0.98810000,0.94500000,0.95940000,50236668.50000000,1682985599999,48746382.18221000,133059,24120103.50000000,23419311.08176000,0
MATIC,1682985600000,0.95920000,0.98070000,0.95170000,0.97680000,40560596.10000000,1683071999999,39146088.84410000,91735,20631065.50000000,19915804.99982000,0
MATIC,1683072000000,0.97680000,1.01790000,0.96250000,1.00590000,70885685.70000000,1683158399999,70005925.27556000,181492,37278471.00000000,36810699.27303000,0
MATIC,1683158400000,1.00590000,1.00800000,0.97880000,0.98260000,36523489.40000000,1683244799999,36267134.72341000,100838,18601386.90000000,18471888.76428000,0
MATIC,1683244800000,0.98260000,1.00850000,0.97500000,0.99790000,44738112.90000000,1683331199999,44481643.54626000,108347,22885536.60000000,22756085.22428000,0
MATIC,1683331200000,0.99780000,1.00500000,0.95000000,0.97530000,51505951.90000000,1683417599999,50132119.61061000,126549,25558356.00000000,24902019.99663000,0
MATIC,1683417600000,0.97530000,0.98520000,0.96070000,0.96360000,32707806.10000000,1683503999999,31887058.18140000,78213,17101570.30000000,16672869.63567000,0
MATIC,1683504000000,0.96330000,0.96720000,0.87500000,0.90050000,80695793.60000000,1683590399999,74302432.97075000,203974,37083876.50000000,34173866.03930000,0
MATIC,1683590400000,0.90050000,0.90760000,0.86660000,0.87630000,63629210.30000000,1683676799999,56295771.01110000,128359,30908682.90000000,27355413.87375000,0
MATIC,1683676800000,0.87630000,0.90460000,0.83350000,0.87640000,80206751.60000000,1683763199999,70146628.21000000,178308,39337965.80000000,34402911.72335000,0
MATIC,1683763200000,0.87640000,0.87700000,0.82860000,0.84090000,59096376.40000000,1683849599999,50253297.88440000,120557,29563095.80000000,25133916.27563000,0
MATIC,1683849600000,0.84090000,0.87400000,0.81770000,0.86480000,82246344.90000000,1683935999999,69326092.22294000,166020,42132827.30000000,35521162.62884000,0
MATIC,1683936000000,0.86480000,0.86640000,0.84740000,0.84870000,36767487.20000000,1684022399999,31502276.22767000,69086,18154101.40000000,15550187.43033000,0
MATIC,1684022400000,0.84870000,0.86910000,0.83920000,0.85930000,29610706.30000000,1684108799999,25298802.71133000,63927,15188482.20000000,12979755.87004000,0
MATIC,1684108800000,0.85910000,0.87780000,0.84650000,0.85920000,37803653.20000000,1684195199999,32735408.82443000,93781,20072035.70000000,17380453.41674000,0
MATIC,1684195200000,0.85910000,0.86520000,0.83450000,0.84550000,46773426.10000000,1684281599999,39666897.86269000,105806,22283454.40000000,18906357.02320000,0
MATIC,1684281600000,0.84550000,0.90170000,0.83990000,0.88680000,70737812.20000000,1684367999999,61450520.73947000,159405,36329668.80000000,31593643.01729000,0
MATIC,1684368000000,0.88680000,0.89400000,0.84210000,0.87220000,64684528.20000000,1684454399999,56257349.07308000,142724,32362692.60000000,28148536.08534000,0
MATIC,1684454400000,0.87220000,0.88090000,0.86290000,0.87160000,40340967.60000000,1684540799999,35138952.13389000,78240,20735030.70000000,18061074.04742000,0
MATIC,1684540800000,0.87160000,0.87940000,0.86400000,0.87680000,23244447.50000000,1684627199999,20246879.85885000,51068,11903465.60000000,10367681.96844000,0
MATIC,1684627200000,0.87680000,0.88000000,0.85280000,0.85650000,22006913.90000000,1684713599999,19095946.16967000,53725,11155853.70000000,9681222.92869000,0
MATIC,1684713600000,0.85660000,0.87650000,0.84380000,0.87180000,35669947.80000000,1684799999999,30770015.35772000,87946,18826321.60000000,16245601.61237000,0
MATIC,1684800000000,0.87180000,0.89350000,0.86920000,0.88930000,38948769.90000000,1684886399999,34420962.10068000,75791,20167096.40000000,17820823.14395000,0
MATIC,1684886400000,0.88930000,0.89060000,0.85510000,0.87300000,49021661.20000000,1684972799999,42639835.10696000,93205,24937413.60000000,21691998.11198000,0
MATIC,1684972800000,0.87310000,0.90130000,0.85440000,0.88900000,60386476.80000000,1685059199999,53189912.36081000,113359,30427638.30000000,26811005.38938000,0
MATIC,1685059200000,0.88910000,0.97130000,0.88740000,0.91070000,101620588.70000000,1685145599999,93678635.91419000,225138,51196080.00000000,47194296.69672000,0
MATIC,1685145600000,0.91060000,0.92570000,0.90670000,0.92030000,27898128.70000000,1685231999999,25609808.80955000,67244,13760103.50000000,12630426.34913000,0
MATIC,1685232000000,0.92020000,0.95530000,0.91760000,0.94060000,37512694.80000000,1685318399999,34966871.38046000,90264,17225588.30000000,16055596.15805000,0
MATIC,1685318400000,0.94070000,0.95000000,0.90360000,0.90840000,53855298.00000000,1685404799999,49780117.97310000,99798,24473737.80000000,22626683.78672000,0
MATIC,1685404800000,0.90830000,0.91590000,0.88330000,0.90110000,58951166.00000000,1685491199999,53317348.93088000,111744,28592440.00000000,25864136.30180000,0
MATIC,1685491200000,0.90090000,0.90540000,0.87860000,0.89210000,35748529.20000000,1685577599999,31758841.00212000,79089,16889939.70000000,15004310.17934000,0
MATIC,1685577600000,0.89200000,0.89970000,0.87630000,0.88890000,30287189.10000000,1685663999999,26984835.33423000,66564,14592947.90000000,13002368.51348000,0
MATIC,1685664000000,0.88900000,0.90890000,0.88160000,0.89940000,31846938.80000000,1685750399999,28630949.64514000,68056,15762228.80000000,14169597.24438000,0
MATIC,1685750400000,0.89940000,0.90660000,0.89240000,0.89950000,17283126.80000000,1685836799999,15554056.10178000,39219,8597366.10000000,7736006.24865000,0
MATIC,1685836800000,0.89960000,0.90720000,0.88970000,0.89240000,22627518.80000000,1685923199999,20391460.95814000,45019,10590178.10000000,9542967.15605000,0
MATIC,1685923200000,0.89230000,0.89270000,0.82450000,0.83540000,64307973.80000000,1686009599999,55322187.24722000,138260,30820070.30000000,26503363.35540000,0
MATIC,1686009600000,0.83550000,0.83670000,0.78960000,0.82260000,89918988.80000000,1686095999999,73377398.63206000,182700,46277456.50000000,37777636.55892000,0
MATIC,1686096000000,0.82260000,0.82410000,0.76030000,0.76510000,79826685.00000000,1686182399999,62802105.44472000,157332,42224075.80000000,33225673.50636000,0
MATIC,1686182400000,0.76520000,0.78560000,0.75500000,0.78130000,44660286.10000000,1686268799999,34536306.31200000,92227,22829310.10000000,17650971.01602000,0
MATIC,1686268800000,0.78120000,0.78930000,0.72010000,0.72610000,95190171.30000000,1686355199999,72198023.14447000,176057,50421519.00000000,38289301.25516000,0
MATIC,1686355200000,0.72610000,0.72630000,0.50890000,0.60920000,363863030.60000000,1686441599999,218601226.40063000,822864,171228488.80000000,102945095.54635000,0
MATIC,1686441600000,0.60910000,0.66000000,0.59090000,0.63480000,156063187.30000000,1686527999999,97504649.85656000,274626,77745051.30000000,48621473.85429000,0
MATIC,1686528000000,0.63490000,0.65670000,0.61580000,0.64320000,114944938.70000000,1686614399999,73176687.93357000,197941,56167363.20000000,35747390.09564000,0
MATIC,1686614400000,0.64320000,0.67790000,0.62420000,0.64510000,109782265.60000000,1686700799999,71137621.40404000,181870,56422413.70000000,36572805.81473000,0
MATIC,1686700800000,0.64490000,0.66210000,0.60750000,0.61930000,82033029.10000000,1686787199999,52528883.57276000,142482,41297669.70000000,26438104.72295000,0
MATIC,1686787200000,0.61930000,0.62710000,0.55950000,0.59070000,191591607.40000000,1686873599999,113803687.18476000,278108,88206616.80000000,52372314.18624000,0
MATIC,1686873600000,0.59080000,0.59980000,0.55780000,0.59030000,154169874.20000000,1686959999999,89721878.46269000,224184,73915368.30000000,43029584.43897000,0
MATIC,1686960000000,0.59040000,0.63550000,0.58500000,0.61350000,110877305.00000000,1687046399999,68176742.89972000,176542,54715387.20000000,33629438.88220000,0
MATIC,1687046400000,0.61350000,0.61950000,0.59350000,0.59710000,62173323.90000000,1687132799999,37773102.14955000,107336,30560950.40000000,18576529.50067000,0
MATIC,1687132800000,0.59710000,0.62400000,0.59030000,0.61470000,60302670.90000000,1687219199999,36473956.63360000,93384,32391422.40000000,19596839.41938000,0
MATIC,1687219200000,0.61480000,0.63300000,0.59170000,0.63140000,68435890.60000000,1687305599999,41828572.49219000,115263,34898874.00000000,21325623.26780000,0
MATIC,1687305600000,0.63140000,0.67750000,0.62740000,0.66830000,118557715.00000000,1687391999999,77551370.80242000,217788,60006069.50000000,39257154.85604000,0
MATIC,1687392000000,0.66820000,0.71080000,0.65310000,0.65580000,113751537.20000000,1687478399999,77390748.84038000,214078,56976250.80000000,38753814.06762000,0
MATIC,1687478400000,0.65570000,0.69750000,0.65520000,0.67580000,88045879.10000000,1687564799999,59372800.71364000,164325,42346671.80000000,28557319.11961000,0
MATIC,1687564800000,0.67580000,0.68880000,0.64370000,0.65410000,64981458.00000000,1687651199999,43350707.43391000,129343,32643631.10000000,21776931.85342000,0
MATIC,1687651200000,0.65420000,0.67990000,0.64830000,0.66630000,63458535.70000000,1687737599999,42387216.05382000,130882,31533207.10000000,21063754.28577000,0
MATIC,1687737600000,0.66640000,0.67110000,0.63600000,0.64560000,64736820.80000000,1687823999999,42374867.19982000,135340,31858944.20000000,20847476.33128000,0
MATIC,1687824000000,0.64550000,0.67230000,0.64250000,0.66210000,57801362.80000000,1687910399999,38285758.71069000,114570,28383164.80000000,18800380.26728000,0
MATIC,1687910400000,0.66210000,0.66300000,0.60000000,0.61310000,96981095.20000000,1687996799999,61305337.63221000,175346,47792827.90000000,30227193.93569000,0
MATIC,1687996800000,0.61310000,0.64400000,0.61080000,0.62390000,56212251.90000000,1688083199999,35208221.19972000,93803,28228084.60000000,17675419.97254000,0
MATIC,1688083200000,0.62400000,0.67000000,0.60840000,0.66140000,133986604.50000000,1688169599999,86676414.73923000,250338,66848685.90000000,43226230.40575000,0
MATIC,1688169600000,0.66150000,0.67730000,0.64840000,0.67680000,48995556.30000000,1688255999999,32602022.91632000,103049,24379065.30000000,16228820.71716000,0
MATIC,1688256000000,0.67680000,0.68900000,0.66070000,0.68190000,48644922.70000000,1688342399999,32686462.15460000,103917,23494880.40000000,15788838.86057000,0
MATIC,1688342400000,0.68180000,0.72050000,0.67810000,0.71480000,76760755.20000000,1688428799999,53518939.00090000,149976,37308092.20000000,26008279.21652000,0
MATIC,1688428800000,0.71470000,0.71890000,0.69040000,0.69580000,55330155.20000000,1688515199999,38894697.23999000,116094,26140655.30000000,18386450.98346000,0
MATIC,1688515200000,0.69560000,0.70570000,0.66010000,0.67060000,62689869.70000000,1688601599999,42665699.15315000,130557,31341215.60000000,21309239.32669000,0
MATIC,1688601600000,0.67060000,0.70030000,0.64720000,0.66040000,97144803.70000000,1688687999999,65619844.20168000,181832,48486087.20000000,32754193.51571000,0
MATIC,1688688000000,0.66040000,0.68050000,0.65210000,0.67650000,52918366.60000000,1688774399999,35386343.63102000,99406,25709330.20000000,17193617.18642000,0
MATIC,1688774400000,0.67650000,0.68680000,0.67070000,0.67970000,38187226.00000000,1688860799999,25939533.15665000,76821,19518817.70000000,13258839.98523000,0
MATIC,1688860800000,0.67980000,0.70100000,0.67800000,0.68840000,51664875.60000000,1688947199999,35728780.00636000,101928,26694115.40000000,18462500.97776000,0
MATIC,1688947200000,0.68840000,0.74890000,0.67100000,0.73510000,132699133.70000000,1689033599999,94577366.48709000,252196,69658717.50000000,49667340.58910000,0
MATIC,1689033600000,0.73510000,0.74970000,0.73190000,0.74270000,75472592.40000000,1689119999999,55861049.97127000,160926,40928212.90000000,30298213.88900000,0
MATIC,1689120000000,0.74260000,0.75980000,0.71510000,0.72340000,67772831.90000000,1689206399999,49935306.57582000,138638,34733848.20000000,25604884.25232000,0
MATIC,1689206400000,0.72340000,0.89160000,0.71250000,0.85020000,236690682.60000000,1689292799999,189382466.53653000,509627,122730443.40000000,98171293.16489000,0
MATIC,1689292800000,0.85030000,0.88000000,0.77770000,0.80770000,130675279.50000000,1689379199999,109332177.40721000,308668,62411440.40000000,52165267.69116000,0
MATIC,1689379200000,0.80760000,0.82570000,0.79450000,0.79970000,44281166.30000000,1689465599999,35814608.39042000,98006,22497156.90000000,18193073.56408000,0
MATIC,1689465600000,0.79970000,0.80280000,0.76340000,0.76760000,47927052.00000000,1689551999999,37595628.88620000,117096,20363824.80000000,15990249.88976000,0
MATIC,1689552000000,0.76750000,0.78990000,0.75050000,0.77750000,74862110.00000000,1689638399999,57836216.63528000,173730,34619587.80000000,26746990.43593000,0
MATIC,1689638400000,0.77750000,0.78400000,0.73030000,0.73830000,85709755.50000000,1689724799999,64593576.29008000,144611,38635971.60000000,29137774.32207000,0
MATIC,1689724800000,0.73830000,0.75750000,0.72800000,0.74360000,65863803.70000000,1689811199999,49092287.00842000,123123,28902245.90000000,21545438.87956000,0
MATIC,1689811200000,0.74370000,0.80200000,0.74220000,0.76800000,95828528.80000000,1689897599999,74185397.31561000,170436,47868367.50000000,37076412.08441000,0
MATIC,1689897600000,0.76790000,0.78220000,0.75800000,0.76930000,44630628.50000000,1689983999999,34319931.20784000,90362,21189665.00000000,16296677.97389000,0
MATIC,1689984000000,0.76920000,0.77580000,0.74000000,0.74610000,34001635.60000000,1690070399999,25908894.57758000,70269,16449512.00000000,12531492.43686000,0
MATIC,1690070400000,0.74610000,0.76810000,0.73880000,0.75700000,28133080.20000000,1690156799999,21213020.95968000,61782,13647991.60000000,10290167.40847000,0
MATIC,1690156800000,0.75700000,0.76200000,0.71110000,0.72800000,61362447.40000000,1690243199999,44847459.49964000,111635,30435563.70000000,22245684.89082000,0
MATIC,1690243200000,0.72810000,0.72930000,0.70190000,0.70800000,45690199.30000000,1690329599999,32779997.90688000,82524,21314087.20000000,15294360.71234000,0
MATIC,1690329600000,0.70800000,0.73120000,0.69600000,0.72230000,74266049.50000000,1690415999999,53102023.79943000,130425,35938275.20000000,25705784.28082000,0
MATIC,1690416000000,0.72230000,0.73640000,0.71170000,0.71710000,36405510.10000000,1690502399999,26371725.52158000,71984,17045609.90000000,12351597.14288000,0
MATIC,1690502400000,0.71700000,0.72160000,0.70470000,0.70910000,31125508.20000000,1690588799999,22169285.28199000,60579,15394905.20000000,10964699.59732000,0
MATIC,1690588800000,0.70920000,0.72480000,0.70740000,0.71850000,21235396.20000000,1690675199999,15185533.55931000,44183,10657614.00000000,7622763.57569000,0
MATIC,1690675200000,0.71840000,0.71950000,0.68020000,0.69740000,42598609.50000000,1690761599999,29911780.46330000,82388,19228760.90000000,13502599.60152000,0
MATIC,1690761600000,0.69740000,0.70810000,0.68050000,0.68770000,39794866.20000000,1690847999999,27685195.94520000,73610,19419172.50000000,13515327.87200000,0
MATIC,1690848000000,0.68770000,0.70420000,0.66150000,0.70210000,69819569.50000000,1690934399999,47493554.86844000,109691,34464724.00000000,23450559.52001000,0
MATIC,1690934400000,0.70210000,0.70350000,0.67500000,0.68040000,47743636.10000000,1691020799999,32888000.76320000,76197,22495126.50000000,15494727.58045000,0
MATIC,1691020800000,0.68030000,0.68520000,0.66210000,0.66770000,44048602.60000000,1691107199999,29696304.78978000,70649,21829612.30000000,14719858.53116000,0
MATIC,1691107200000,0.66760000,0.67820000,0.65800000,0.66430000,34070063.80000000,1691193599999,22749906.98693000,59124,15910093.60000000,10628048.08848000,0
MATIC,1691193600000,0.66420000,0.66900000,0.65770000,0.66740000,24711042.30000000,1691279999999,16410457.23636000,44113,12113013.10000000,8045216.22322000,0
MATIC,1691280000000,0.66740000,0.67620000,0.66290000,0.66730000,29006693.30000000,1691366399999,19418633.98581000,45757,14535115.20000000,9730706.56248000,0
MATIC,1691366400000,0.66730000,0.68430000,0.64750000,0.66650000,57071535.80000000,1691452799999,37990813.48794000,88098,28649872.00000000,19076570.84688000,0
MATIC,1691452800000,0.66640000,0.69840000,0.66220000,0.68540000,70788928.90000000,1691539199999,48125031.31076000,93106,37388060.70000000,25419099.23212000,0
MATIC,1691539200000,0.68550000,0.69980000,0.68050000,0.69020000,47136686.10000000,1691625599999,32516777.80034000,66924,23207080.50000000,16014605.63899000,0
MATIC,1691625600000,0.69020000,0.70280000,0.68370000,0.68540000,47601541.10000000,1691711999999,32920109.52805000,65352,23850347.30000000,16500992.59036000,0
MATIC,1691712000000,0.68550000,0.69800000,0.67490000,0.68110000,31381430.80000000,1691798399999,21461929.85056000,46473,16684785.20000000,11418128.22428000,0
MATIC,1691798400000,0.68110000,0.68390000,0.67710000,0.68220000,16962130.50000000,1691884799999,11538849.74880000,31017,8679881.50000000,5905874.53236000,0
MATIC,1691884800000,0.68230000,0.69140000,0.67370000,0.67730000,26301984.10000000,1691971199999,17909090.23103000,44310,13817693.50000000,9410144.03809000,0
MATIC,1691971200000,0.67720000,0.68570000,0.67150000,0.67960000,38491209.60000000,1692057599999,26181185.23989000,54662,20996020.80000000,14284895.32929000,0
MATIC,1692057600000,0.67960000,0.67980000,0.62190000,0.63890000,76827425.50000000,1692143999999,50072627.51510000,113845,33686625.90000000,21937966.55299000,0
MATIC,1692144000000,0.63890000,0.63900000,0.60420000,0.62380000,101523769.30000000,1692230399999,63277810.85627000,136407,47258616.30000000,29441495.77361000,0
MATIC,1692230400000,0.62390000,0.62820000,0.53000000,0.57180000,134808455.50000000,1692316799999,80208924.59022000,222698,62040527.90000000,36859469.38110000,0
MATIC,1692316800000,0.57170000,0.58480000,0.56250000,0.57760000,82485698.00000000,1692403199999,47377434.91191000,111407,41589207.10000000,23889718.75729000,0
MATIC,1692403200000,0.57760000,0.58830000,0.57050000,0.57700000,38414413.00000000,1692489599999,22257024.00088000,54635,18442575.20000000,10687568.54775000,0
MATIC,1692489600000,0.57700000,0.58160000,0.57020000,0.58010000,29197710.10000000,1692575999999,16820478.69923000,43870,14003370.40000000,8067572.75784000,0
MATIC,1692576000000,0.58000000,0.58070000,0.54850000,0.55710000,57738931.80000000,1692662399999,32604520.90023000,72465,28993030.30000000,16374641.03770000,0
MATIC,1692662400000,0.55700000,0.55830000,0.52890000,0.54890000,104382635.30000000,1692748799999,56625758.17224000,116353,48355310.10000000,26246752.81962000,0
MATIC,1692748800000,0.54910000,0.57090000,0.54410000,0.55710000,78871098.80000000,1692835199999,43814418.40196000,87294,39495259.70000000,21937227.80369000,0
MATIC,1692835200000,0.55720000,0.56040000,0.53720000,0.54710000,45921173.70000000,1692921599999,25235784.99162000,58992,23365750.80000000,12843676.45251000,0
MATIC,1692921600000,0.54720000,0.55630000,0.53520000,0.54630000,65372845.90000000,1693007999999,35586469.80126000,80591,32387249.30000000,17635023.84969000,0
MATIC,1693008000000,0.54640000,0.54900000,0.54390000,0.54840000,17575139.10000000,1693094399999,9611004.50354000,27113,8874710.50000000,4853001.55157000,0
MATIC,1693094400000,0.54850000,0.56930000,0.54510000,0.55590000,31257095.60000000,1693180799999,17343623.43647000,48047,16252786.40000000,9014892.40324000,0
MATIC,1693180800000,0.55590000,0.56750000,0.54500000,0.56220000,59931681.70000000,1693267199999,33402796.27227000,68489,29464109.60000000,16425249.95964000,0
MATIC,1693267200000,0.56210000,0.63720000,0.55180000,0.59360000,118577346.30000000,1693353599999,69645738.58552000,185234,58508468.00000000,34343633.37001000,0
MATIC,1693353600000,0.59360000,0.59490000,0.56680000,0.57500000,48279318.90000000,1693439999999,27853015.76756000,67460,23607034.40000000,13616093.99624000,0
MATIC,1693440000000,0.57480000,0.58840000,0.54260000,0.54960000,71197984.70000000,1693526399999,40215646.42217000,98540,35856742.50000000,20267195.73619000,0
MATIC,1693526400000,0.54960000,0.55380000,0.53130000,0.54050000,46988167.30000000,1693612799999,25549646.04399000,70842,22394516.20000000,12176038.70022000,0
MATIC,1693612800000,0.54040000,0.54740000,0.53580000,0.54090000,21357037.90000000,1693699199999,11571474.54206000,35735,10814171.20000000,5859088.13925000,0
MATIC,1693699200000,0.54100000,0.54630000,0.53710000,0.54220000,21188710.50000000,1693785599999,11485493.39501000,34726,10729884.90000000,5816933.45160000,0
MATIC,1693785600000,0.54220000,0.55510000,0.54000000,0.55450000,53204948.40000000,1693871999999,29136138.76673000,64405,26929956.40000000,14750489.19322000,0
MATIC,1693872000000,0.55450000,0.56730000,0.55000000,0.55850000,59573035.60000000,1693958399999,33247669.52501000,69038,30527375.40000000,17040489.52873000,0
MATIC,1693958400000,0.55850000,0.56980000,0.54240000,0.55860000,65483129.50000000,1694044799999,36404494.19395000,82568,31618669.40000000,17577083.06500000,0
MATIC,1694044800000,0.55860000,0.56570000,0.55000000,0.55530000,39451427.60000000,1694131199999,21966761.67769000,53385,19350151.20000000,10775539.72881000,0
MATIC,1694131200000,0.55530000,0.55890000,0.53310000,0.54390000,50029285.80000000,1694217599999,27295484.65535000,60577,25016334.40000000,13650249.57585000,0
MATIC,1694217600000,0.54390000,0.54390000,0.53910000,0.53950000,12271911.50000000,1694303999999,6643612.03658000,21592,5665974.10000000,3067702.12154000,0
MATIC,1694304000000,0.53960000,0.53960000,0.51290000,0.52330000,52093750.50000000,1694390399999,27314254.21597000,75876,25376138.70000000,13306834.39439000,0
MATIC,1694390400000,0.52330000,0.52460000,0.49240000,0.50350000,65958216.20000000,1694476799999,33410315.45307000,92749,31179096.60000000,15798121.04984000,0
MATIC,1694476800000,0.50350000,0.51910000,0.50000000,0.50650000,58488643.60000000,1694563199999,29770758.81048000,81579,29605675.40000000,15070494.84833000,0
MATIC,1694563200000,0.50640000,0.52370000,0.50510000,0.51340000,47378918.40000000,1694649599999,24311668.52484000,59772,24058222.00000000,12346072.85866000,0
MATIC,1694649600000,0.51340000,0.52800000,0.51330000,0.52230000,45265115.30000000,1694735999999,23609816.87886000,49471,23284875.10000000,12148163.93611000,0
MATIC,1694736000000,0.52230000,0.53480000,0.51500000,0.53000000,40435261.40000000,1694822399999,21200360.40378000,48415,20680821.70000000,10840984.96698000,0
MATIC,1694822400000,0.53000000,0.53600000,0.52400000,0.52850000,27645721.00000000,1694908799999,14629706.51029000,34739,13388321.60000000,7085687.99415000,0
MATIC,1694908800000,0.52840000,0.52860000,0.51230000,0.51720000,29122722.40000000,1694995199999,15137978.06620000,35090,13859935.30000000,7203780.56914000,0
MATIC,1694995200000,0.51740000,0.53520000,0.51110000,0.52630000,51504482.50000000,1695081599999,27081664.94820000,55698,25351958.50000000,13338589.00126000,0
MATIC,1695081600000,0.52610000,0.54610000,0.52440000,0.54480000,43719395.00000000,1695167999999,23520951.67820000,55246,22740951.60000000,12233808.31904000,0
MATIC,1695168000000,0.54480000,0.54960000,0.53470000,0.54090000,41034410.60000000,1695254399999,22223715.91889000,55998,19718666.50000000,10681913.54322000,0
MATIC,1695254400000,0.54090000,0.54370000,0.51810000,0.51960000,47572278.80000000,1695340799999,25129324.52117000,53811,24504789.70000000,12934488.20848000,0
MATIC,1695340800000,0.51950000,0.52460000,0.51470000,0.52110000,25713656.30000000,1695427199999,13380947.54019000,37737,13465386.10000000,7010595.08324000,0
MATIC,1695427200000,0.52110000,0.52370000,0.51880000,0.52070000,13288532.50000000,1695513599999,6924507.46636000,22016,6836658.70000000,3562970.57793000,0
MATIC,1695513600000,0.52070000,0.52650000,0.51060000,0.51360000,21085997.30000000,1695599999999,10951765.22158000,32968,10386014.70000000,5397383.52755000,0
MATIC,1695600000000,0.51360000,0.52030000,0.50620000,0.51960000,30770135.50000000,1695686399999,15820584.56904000,39572,15416629.90000000,7927019.83157000,0
MATIC,1695686400000,0.51960000,0.52600000,0.50550000,0.50990000,26849903.40000000,1695772799999,13886505.51830000,36316,13688149.70000000,7084117.58620000,0
MATIC,1695772800000,0.50990000,0.51670000,0.50060000,0.50370000,41328279.00000000,1695859199999,21000011.16992000,51978,22494195.00000000,11438491.10367000,0
MATIC,1695859200000,0.50380000,0.52340000,0.50280000,0.51970000,44294898.50000000,1695945599999,22811141.19660000,55301,24632943.20000000,12682861.56716000,0
MATIC,1695945600000,0.51980000,0.52780000,0.51630000,0.52580000,35440855.60000000,1696031999999,18517460.56444000,43787,19504215.70000000,10195050.26789000,0
MATIC,1696032000000,0.52570000,0.53750000,0.52410000,0.53270000,39480594.70000000,1696118399999,20974602.57930000,49778,22849369.50000000,12137593.76072000,0
MATIC,1696118400000,0.53260000,0.57800000,0.53230000,0.56910000,93972420.20000000,1696204799999,52026928.42239000,129034,51870301.60000000,28695814.57649000,0
MATIC,1696204800000,0.56910000,0.57110000,0.54300000,0.54720000,63911330.40000000,1696291199999,35727075.64543000,79968,30067280.90000000,16821404.12068000,0
MATIC,1696291200000,0.54720000,0.57900000,0.54660000,0.56660000,99348377.00000000,1696377599999,56313801.41722000,121833,51482561.20000000,29179990.38938000,0
MATIC,1696377600000,0.56650000,0.59970000,0.54920000,0.56220000,131180395.60000000,1696463999999,75131254.12424000,171854,63985734.60000000,36664847.17461000,0
MATIC,1696464000000,0.56220000,0.56670000,0.54410000,0.54490000,56709510.20000000,1696550399999,31538828.88364000,74883,25773033.70000000,14346589.05171000,0
MATIC,1696550400000,0.54490000,0.57210000,0.54480000,0.56360000,53508111.40000000,1696636799999,29916652.11566000,61044,27201165.00000000,15203335.23337000,0
MATIC,1696636800000,0.56360000,0.58180000,0.56260000,0.56380000,55588489.30000000,1696723199999,31784115.57282000,67400,27184382.30000000,15547527.89831000,0
MATIC,1696723200000,0.56390000,0.56860000,0.55620000,0.56070000,36518810.10000000,1696809599999,20511169.10471000,46205,18303599.40000000,10282229.45948000,0
MATIC,1696809600000,0.56080000,0.56080000,0.51910000,0.52930000,64016151.60000000,1696895999999,34368126.27330000,99514,29245056.50000000,15705960.00680000,0
MATIC,1696896000000,0.52930000,0.53990000,0.51120000,0.51760000,61550256.10000000,1696982399999,32219704.47225000,80350,28752323.20000000,15052946.90690000,0
MATIC,1696982400000,0.51760000,0.52290000,0.50660000,0.51450000,45375685.20000000,1697068799999,23322734.14948000,64029,21644261.60000000,11127909.83225000,0
MATIC,1697068800000,0.51450000,0.51760000,0.50060000,0.50780000,37208661.00000000,1697155199999,18918940.69986000,53370,17892576.20000000,9098778.29436000,0
MATIC,1697155200000,0.50780000,0.52470000,0.50680000,0.51480000,29202908.00000000,1697241599999,15007841.85188000,40435,15405757.10000000,7916857.36526000,0
MATIC,1697241600000,0.51490000,0.52170000,0.51400000,0.51740000,15903606.00000000,1697327999999,8239350.40409000,21321,8294615.00000000,4297958.44452000,0
MATIC,1697328000000,0.51750000,0.52060000,0.51280000,0.51530000,19314852.90000000,1697414399999,9976779.10961000,26813,9575475.70000000,4946195.22801000,0
MATIC,1697414400000,0.51520000,0.54500000,0.51410000,0.53350000,77890494.30000000,1697500799999,41141562.07142000,85709,39610084.50000000,20922241.93076000,0
MATIC,1697500800000,0.53340000,0.53450000,0.51530000,0.51930000,33429804.70000000,1697587199999,17537334.36551000,43882,15804274.70000000,8289090.04346000,0
MATIC,1697587200000,0.51920000,0.52500000,0.50980000,0.51060000,28031301.50000000,1697673599999,14487834.23850000,41077,13377170.50000000,6915647.43962000,0
MATIC,1697673600000,0.51060000,0.52020000,0.50250000,0.51720000,33663268.30000000,1697759999999,17229360.74451000,48029,16816846.90000000,8609531.10764000,0
MATIC,1697760000000,0.51720000,0.54680000,0.51430000,0.53560000,58644821.10000000,1697846399999,31304654.48979000,87008,30515747.20000000,16286105.96880000,0
MATIC,1697846400000,0.53570000,0.57690000,0.53320000,0.57260000,77085952.30000000,1697932799999,43248284.10833000,108224,40139804.30000000,22506080.74195000,0
MATIC,1697932800000,0.57270000,0.61160000,0.55720000,0.60930000,105356535.10000000,1698019199999,61183780.28409000,158394,52213279.80000000,30349133.39461000,0
MATIC,1698019200000,0.60920000,0.64990000,0.59940000,0.63690000,151650931.00000000,1698105599999,93772882.16684000,271036,74126629.30000000,45868019.08553000,0
MATIC,1698105600000,0.63700000,0.66510000,0.61600000,0.62450000,159601944.10000000,1698191999999,102079975.35236000,261073,76644614.30000000,49033574.86977000,0
MATIC,1698192000000,0.62450000,0.64900000,0.61410000,0.63050000,91638246.80000000,1698278399999,58037491.58293000,164056,43588867.20000000,27622796.08727000,0
MATIC,1698278400000,0.63050000,0.65880000,0.61530000,0.63210000,78361003.70000000,1698364799999,50020118.20252000,152763,34633820.10000000,22104769.68831000,0
MATIC,1698364800000,0.63220000,0.63290000,0.60080000,0.60860000,58109005.90000000,1698451199999,35910562.11583000,106154,25826658.30000000,15955229.88279000,0
MATIC,1698451200000,0.60870000,0.62700000,0.60810000,0.62010000,30835763.90000000,1698537599999,19144200.54621000,64017,15015882.20000000,9323200.55278000,0
MATIC,1698537600000,0.62000000,0.64280000,0.61160000,0.63870000,38618186.90000000,1698623999999,24408728.85793000,76026,19250992.30000000,12172861.78027000,0
MATIC,1698624000000,0.63870000,0.65110000,0.62630000,0.64970000,66640555.80000000,1698710399999,42716341.67586000,105368,30479287.90000000,19547535.84721000,0
MATIC,1698710400000,0.64970000,0.65710000,0.61870000,0.63620000,73540493.20000000,1698796799999,47077750.95697000,133578,34881631.10000000,22319355.34741000,0
MATIC,1698796800000,0.63620000,0.66970000,0.61670000,0.66970000,94379580.20000000,1698883199999,60305534.59463000,169190,45412179.50000000,29059814.65415000,0
MATIC,1698883200000,0.66970000,0.68940000,0.64330000,0.66010000,89298824.50000000,1698969599999,59536409.55225000,170612,43225471.20000000,28836104.29553000,0
MATIC,1698969600000,0.66040000,0.67340000,0.64210000,0.67180000,53510888.90000000,1699055999999,35256747.96454000,134725,25561359.50000000,16849315.53339000,0
MATIC,1699056000000,0.67180000,0.68200000,0.66120000,0.67700000,31242528.00000000,1699142399999,20932848.86400000,77236,15221117.20000000,10201445.51278000,0
MATIC,1699142400000,0.67690000,0.69890000,0.67280000,0.69180000,54258132.00000000,1699228799999,37276222.51986000,115646,27621777.80000000,18981954.98732000,0
MATIC,1699228800000,0.69170000,0.73650000,0.68920000,0.73620000,65758590.00000000,1699315199999,46689410.92595000,145485,33382902.70000000,23720517.22671000,0
MATIC,1699315200000,0.73620000,0.74740000,0.69480000,0.74030000,93162353.20000000,1699401599999,67301653.65192000,193332,46366865.70000000,33495019.67343000,0
MATIC,1699401600000,0.74030000,0.80980000,0.73420000,0.78740000,127034926.50000000,1699487999999,98189948.56094000,263337,61609426.30000000,47620215.47439000,0
MATIC,1699488000000,0.78730000,0.86200000,0.76520000,0.85460000,183091314.50000000,1699574399999,149662770.66532000,441847,92643998.20000000,75734160.26480000,0
MATIC,1699574400000,0.85460000,0.87130000,0.81230000,0.84270000,109558090.50000000,1699660799999,91886244.77712000,249860,54251736.30000000,45509928.18660000,0
MATIC,1699660800000,0.84260000,0.84540000,0.79450000,0.80330000,119945432.30000000,1699747199999,98099184.22086000,226797,58918393.10000000,48190863.87185000,0
MATIC,1699747200000,0.80330000,0.92770000,0.77190000,0.89710000,206649137.60000000,1699833599999,176042444.53550000,435370,105012970.30000000,89564730.69070000,0
MATIC,1699833600000,0.89710000,0.95500000,0.85280000,0.88210000,210694309.40000000,1699919999999,188930952.50441000,573251,105747058.70000000,94920217.35230000,0
MATIC,1699920000000,0.88210000,0.98310000,0.84160000,0.91760000,318415040.90000000,1700006399999,291767719.77131000,861692,162590837.30000000,148991454.58352000,0
MATIC,1700006400000,0.91750000,0.96190000,0.88540000,0.91910000,227756275.90000000,1700092799999,210359801.10049000,492346,112795636.60000000,104170392.07095000,0
MATIC,1700092800000,0.91910000,0.94410000,0.83220000,0.84500000,237396216.90000000,1700179199999,212280362.40835000,505075,125557849.40000000,112310432.38199000,0
MATIC,1700179200000,0.84490000,0.87380000,0.78630000,0.83050000,167396364.00000000,1700265599999,139584538.69210000,300475,84731453.10000000,70702657.67796000,0
MATIC,1700265600000,0.83050000,0.83220000,0.77640000,0.83190000,112710441.70000000,1700351999999,91330725.26360000,181263,57105665.00000000,46281911.03253000,0
MATIC,1700352000000,0.83190000,0.85670000,0.81120000,0.85220000,98645160.30000000,1700438399999,82443548.45737000,169493,51647911.70000000,43163905.72163000,0
MATIC,1700438400000,0.85250000,0.86720000,0.80530000,0.81030000,110351942.30000000,1700524799999,92314860.79989000,195154,56766794.20000000,47502452.45039000,0
MATIC,1700524800000,0.81030000,0.82030000,0.72060000,0.72800000,193385678.50000000,1700611199999,148304331.12807000,333332,93651465.90000000,71817822.69959000,0
MATIC,1700611200000,0.72790000,0.78590000,0.72600000,0.77260000,125337168.60000000,1700697599999,95138902.90178000,178746,66139499.50000000,50218372.86979000,0
MATIC,1700697600000,0.77260000,0.78520000,0.76420000,0.77210000,64574736.40000000,1700783999999,50063134.67467000,91712,33514635.30000000,25983386.01945000,0
MATIC,1700784000000,0.77220000,0.79730000,0.75250000,0.75950000,102620940.10000000,1700870399999,79554380.48069000,163317,56440712.10000000,43737004.93940000,0
MATIC,1700870400000,0.75950000,0.77970000,0.75520000,0.77930000,84180102.40000000,1700956799999,64766703.60342000,113735,44867826.60000000,34518935.19693000,0
MATIC,1700956800000,0.77930000,0.78620000,0.74180000,0.76220000,76493904.70000000,1701043199999,58861683.39974000,118787,38503490.20000000,29655721.55502000,0
MATIC,1701043200000,0.76220000,0.76840000,0.72840000,0.74260000,74699257.20000000,1701129599999,55663983.67803000,110023,36995421.00000000,27546347.97298000,0
MATIC,1701129600000,0.74260000,0.76400000,0.72710000,0.74860000,93585439.60000000,1701215999999,69528004.53991000,116619,49349943.60000000,36671319.15517000,0
MATIC,1701216000000,0.74870000,0.77150000,0.74290000,0.75750000,72529151.80000000,1701302399999,54878526.85177000,106101,37358216.50000000,28272972.58590000,0
MATIC,1701302400000,0.75740000,0.78160000,0.75130000,0.76270000,83055917.20000000,1701388799999,63659177.10798000,120645,41711639.60000000,31975179.41133000,0
MATIC,1701388800000,0.76260000,0.80000000,0.75480000,0.79940000,84032929.30000000,1701475199999,65772427.05225000,118372,42470248.90000000,33226530.92674000,0
MATIC,1701475200000,0.79930000,0.82680000,0.79630000,0.81520000,93384644.50000000,1701561599999,75676426.06342000,147383,46807315.40000000,37924079.32022000,0
MATIC,1701561600000,0.81510000,0.82370000,0.79870000,0.81380000,80668444.20000000,1701647999999,65420982.75934000,125146,39998741.50000000,32440967.25799000,0
MATIC,1701648000000,0.81380000,0.83790000,0.77640000,0.81050000,149616399.30000000,1701734399999,121720771.23705000,240510,73103061.80000000,59441667.83525000,0
MATIC,1701734400000,0.81060000,0.82070000,0.78410000,0.81370000,96214371.60000000,1701820799999,77190195.13641000,169361,47491014.20000000,38118587.72761000,0
MATIC,1701820800000,0.81370000,0.84810000,0.80060000,0.81970000,149307397.60000000,1701907199999,123432091.16773000,244024,74197350.70000000,61349686.83475000,0
MATIC,1701907200000,0.81970000,0.85810000,0.81000000,0.84240000,125307001.40000000,1701993599999,104558369.62666000,205201,62903255.70000000,52472809.75392000,0
MATIC,1701993600000,0.84230000,0.91080000,0.84180000,0.90580000,154612228.40000000,1702079999999,135573278.30003000,256471,77807825.50000000,68209343.74332000,0
MATIC,1702080000000,0.90580000,0.94530000,0.87550000,0.88360000,183144157.10000000,1702166399999,167343922.95971000,304640,89865094.60000000,82129945.16786000,0
MATIC,1702166400000,0.88380000,0.93130000,0.87810000,0.92320000,97804509.90000000,1702252799999,88512493.92664000,162744,47043406.00000000,42578737.87166000,0
MATIC,1702252800000,0.92310000,0.94000000,0.81100000,0.84210000,201755860.20000000,1702339199999,173402378.63810000,379465,99461700.80000000,85455419.71080000,0
MATIC,1702339200000,0.84200000,0.90160000,0.84010000,0.88610000,157218114.10000000,1702425599999,136537854.80917000,256717,78858555.80000000,68477254.46927000,0
MATIC,1702425600000,0.88620000,0.89990000,0.82680000,0.88760000,149452484.70000000,1702511999999,129515456.82468000,274242,78988996.40000000,68533684.98840000,0
MATIC,1702512000000,0.88760000,0.90280000,0.85860000,0.88420000,101593958.60000000,1702598399999,89417730.86751000,193833,52348826.60000000,46062762.15193000,0
MATIC,1702598400000,0.88420000,0.88470000,0.83590000,0.83790000,68246544.70000000,1702684799999,58766162.56476000,137056,32219491.30000000,27745114.40460000,0
MATIC,1702684800000,0.83800000,0.86670000,0.83020000,0.85130000,50093471.30000000,1702771199999,42668233.54733000,96174,25068923.00000000,21355048.43841000,0
MATIC,1702771200000,0.85120000,0.85340000,0.81290000,0.81750000,45256931.30000000,1702857599999,37709136.54105000,105800,21948995.20000000,18304724.79199000,0
MATIC,1702857600000,0.81750000,0.82590000,0.75550000,0.80110000,111818527.00000000,1702943999999,87862223.61900000,202158,58233042.10000000,45734137.61740000,0
MATIC,1702944000000,0.80110000,0.82350000,0.75050000,0.76620000,107199768.40000000,1703030399999,84007801.38057000,190317,60555823.80000000,47401687.03460000,0
MATIC,1703030400000,0.76630000,0.79790000,0.75360000,0.77590000,133348860.50000000,1703116799999,103861254.64351000,206447,78578938.00000000,61206090.86117000,0
MATIC,1703116800000,0.77580000,0.81950000,0.76980000,0.81640000,125599198.50000000,1703203199999,99338446.23308000,201324,66990837.10000000,52981794.71766000,0
MATIC,1703203200000,0.81640000,0.87740000,0.81200000,0.87730000,178974846.10000000,1703289599999,150915769.55064000,332106,95280284.10000000,80344775.80473000,0
MATIC,1703289600000,0.87740000,0.88170000,0.82730000,0.85770000,95748478.60000000,1703375999999,81212514.08851000,166939,45610265.70000000,38698747.39132000,0
MATIC,1703376000000,0.85760000,0.89000000,0.83070000,0.84740000,163945264.10000000,1703462399999,140143540.52738000,281351,80967862.30000000,69249019.36414000,0
MATIC,1703462400000,0.84740000,0.92130000,0.83540000,0.91170000,156671024.80000000,1703548799999,138271746.81771000,306644,78524204.30000000,69320425.45702000,0
MATIC,1703548800000,0.91180000,1.03030000,0.85890000,1.01910000,405110669.50000000,1703635199999,379542312.26531000,967395,210314538.40000000,197259727.41433000,0
MATIC,1703635200000,1.01900000,1.09300000,0.98470000,1.03680000,388820801.40000000,1703721599999,406608903.65498000,1037409,191376295.90000000,200177542.37495000,0
MATIC,1703721600000,1.03690000,1.06970000,0.98350000,1.00210000,226243754.20000000,1703807999999,231804609.65123000,528744,110471889.30000000,113195749.10438000,0
MATIC,1703808000000,1.00210000,1.01870000,0.94000000,0.97330000,165887784.60000000,1703894399999,163548954.07324000,356617,83787290.60000000,82635088.08783000,0
MATIC,1703894400000,0.97330000,0.98860000,0.94100000,0.95090000,66818362.30000000,1703980799999,64476925.49210000,164438,33292731.60000000,32129985.54800000,0
MATIC,1703980800000,0.95090000,1.01150000,0.94320000,0.97070000,102886345.40000000,1704067199999,101338079.93737000,270957,50227577.60000000,49466742.61106000,0
MATIC,1704067200000,0.97080000,1.01900000,0.95560000,1.01570000,78051831.30000000,1704153599999,77113606.28827000,200690,37572131.90000000,37138156.91945000,0
MATIC,1704153600000,1.01560000,1.03330000,0.96160000,0.96910000,108879456.50000000,1704239999999,108781673.55112000,251100,54518296.90000000,54507333.25409000,0
MATIC,1704240000000,0.96900000,0.98870000,0.73800000,0.85390000,243619558.70000000,1704326399999,214874301.49268000,533759,125052626.70000000,110167470.87636000,0
MATIC,1704326400000,0.85390000,0.89200000,0.83720000,0.88300000,110499881.00000000,1704412799999,95850906.51834000,219219,60863627.10000000,52763366.09119000,0
MATIC,1704412800000,0.88300000,0.88700000,0.81600000,0.85250000,102615312.10000000,1704499199999,86999491.32705000,231179,50209923.90000000,42563586.11637000,0
MATIC,1704499200000,0.85250000,0.85340000,0.79580000,0.82810000,72391482.50000000,1704585599999,59424620.98594000,165339,34491067.40000000,28306599.62551000,0
MATIC,1704585600000,0.82800000,0.84400000,0.79260000,0.80110000,64191572.50000000,1704671999999,53082554.79360000,131002,31309400.30000000,25896460.94466000,0
MATIC,1704672000000,0.80110000,0.84350000,0.73620000,0.84160000,155436909.80000000,1704758399999,123156252.34785000,305934,78528533.00000000,62288158.21699000,0
MATIC,1704758400000,0.84140000,0.84450000,0.78000000,0.80660000,132998421.30000000,1704844799999,107027542.56258000,279239,66639002.60000000,53644595.02448000,0
MATIC,1704844800000,0.80650000,0.91270000,0.80230000,0.89920000,177956181.90000000,1704931199999,151026418.88176000,379974,89537094.20000000,76099010.01835000,0
MATIC,1704931200000,0.89920000,0.95820000,0.88210000,0.92630000,196639003.40000000,1705017599999,181611823.68281000,438415,97435583.50000000,89983141.99046000,0
MATIC,1705017600000,0.92640000,0.94530000,0.83460000,0.86350000,139337057.70000000,1705103999999,125847146.27041000,334327,68948158.80000000,62281135.99294000,0
MATIC,1705104000000,0.86340000,0.88820000,0.84070000,0.88180000,55484241.90000000,1705190399999,48310110.95284000,136160,27841015.30000000,24242416.66245000,0
MATIC,1705190400000,0.88170000,0.88330000,0.83640000,0.83740000,57260390.40000000,1705276799999,49545798.80298000,134687,27280135.20000000,23607885.65698000,0
MATIC,1705276800000,0.83730000,0.86740000,0.83580000,0.84470000,59048773.90000000,1705363199999,50300023.80356000,130482,27829332.50000000,23706177.56526000,0
MATIC,1705363200000,0.84470000,0.85860000,0.82800000,0.84500000,56439559.20000000,1705449599999,47811188.42248000,119112,28765573.30000000,24374675.61916000,0
MATIC,1705449600000,0.84510000,0.85290000,0.80210000,0.81030000,110000599.30000000,1705535999999,90953181.78907000,195841,50046911.80000000,41463072.72255000,0
MATIC,1705536000000,0.81030000,0.82090000,0.77160000,0.78610000,95561549.70000000,1705622399999,76391762.72529000,172246,43851761.60000000,35047857.79450000,0
MATIC,1705622400000,0.78610000,0.79740000,0.74300000,0.76210000,140317686.10000000,1705708799999,107311120.47959000,228998,61981863.00000000,47473570.88145000,0
MATIC,1705708800000,0.76220000,0.78800000,0.75100000,0.78710000,77484722.80000000,1705795199999,59654561.25200000,116617,36069002.80000000,27794682.57806000,0
MATIC,1705795200000,0.78720000,0.80730000,0.78040000,0.78350000,55972411.50000000,1705881599999,44335401.21239000,95056,29126183.30000000,23070721.72324000,0
MATIC,1705881600000,0.78340000,0.79170000,0.73150000,0.74730000,110386392.60000000,1705967999999,83886839.26879000,197442,52425800.20000000,39850978.22824000,0
MATIC,1705968000000,0.74730000,0.76520000,0.69130000,0.72550000,126281447.90000000,1706054399999,90963161.88142000,196460,62502593.40000000,44984756.78097000,0
MATIC,1706054400000,0.72540000,0.74660000,0.71590000,0.73900000,78275102.60000000,1706140799999,57167406.99422000,118161,38282942.70000000,27952867.61332000,0
MATIC,1706140800000,0.73910000,0.73950000,0.71670000,0.73240000,45742694.60000000,1706227199999,33324866.53103000,83959,22028848.40000000,16048001.98389000,0
MATIC,1706227200000,0.73250000,0.76280000,0.72700000,0.75900000,57081230.90000000,1706313599999,42636020.95952000,107186,28096521.00000000,21001551.37527000,0
MATIC,1706313600000,0.75890000,0.78860000,0.75530000,0.78810000,45814112.20000000,1706399999999,35424115.04292000,90260,20819837.50000000,16090151.62902000,0
MATIC,1706400000000,0.78810000,0.81030000,0.78110000,0.78900000,66964879.80000000,1706486399999,53294727.02902000,144309,32415125.60000000,25804419.46096000,0
MATIC,1706486400000,0.78900000,0.81660000,0.77400000,0.81310000,67448892.20000000,1706572799999,53824660.28235000,140036,34022374.70000000,27127518.27436000,0
MATIC,1706572800000,0.81300000,0.82230000,0.79560000,0.79930000,68652569.30000000,1706659199999,55559268.98263000,144478,35653200.00000000,28848513.49645000,0
MATIC,1706659200000,0.79930000,0.83410000,0.77880000,0.78720000,110646738.50000000,1706745599999,89240610.90746000,230417,54896516.70000000,44273951.12076000,0
MATIC,1706745600000,0.78730000,0.81710000,0.76540000,0.81130000,64474266.40000000,1706831999999,50956828.19224000,137256,31514467.20000000,24912623.08061000,0
MATIC,1706832000000,0.81130000,0.82260000,0.79500000,0.79980000,46791466.50000000,1706918399999,37818366.44732000,102839,23690264.50000000,19155992.89571000,0
MATIC,1706918400000,0.79980000,0.80620000,0.78030000,0.78490000,40262711.80000000,1707004799999,31855285.25962000,79453,19941351.90000000,15774269.71384000,0
MATIC,1707004800000,0.78500000,0.78850000,0.77040000,0.77350000,34509685.60000000,1707091199999,26912756.46573000,76402,17008711.40000000,13266062.47895000,0
MATIC,1707091200000,0.77350000,0.79510000,0.76250000,0.78040000,45336519.90000000,1707177599999,35371464.66506000,92905,22136547.50000000,17276064.06401000,0
MATIC,1707177600000,0.78040000,0.81770000,0.77760000,0.80540000,54782144.40000000,1707263999999,43646277.65717000,104410,27266462.60000000,21730749.94891000,0
MATIC,1707264000000,0.80540000,0.83800000,0.78720000,0.83430000,56298466.80000000,1707350399999,45781445.32940000,127958,29723190.00000000,24218938.98984000,0
MATIC,1707350400000,0.83440000,0.84850000,0.82230000,0.83370000,70822542.20000000,1707436799999,59260013.19857000,136529,35515156.80000000,29711298.27249000,0
MATIC,1707436800000,0.83370000,0.86000000,0.83140000,0.85260000,62975782.40000000,1707523199999,53222388.00527000,132676,31977333.30000000,27027946.84424000,0
MATIC,1707523200000,0.85290000,0.86850000,0.83720000,0.84870000,55474525.30000000,1707609599999,47230254.42785000,116052,25950013.60000000,22104213.38828000,0
MATIC,1707609600000,0.84880000,0.86510000,0.83110000,0.83550000,46475569.30000000,1707695999999,39455306.80917000,107474,21542069.80000000,18291362.17542000,0
MATIC,1707696000000,0.83540000,0.88560000,0.81830000,0.87950000,79337733.50000000,1707782399999,67409756.09653000,178105,36244343.30000000,30791757.75945000,0
MATIC,1707782400000,0.87950000,0.88490000,0.84320000,0.85380000,70604541.10000000,1707868799999,61048639.79956000,156184,32839478.80000000,28394849.06508000,0
MATIC,1707868800000,0.85380000,0.89380000,0.84380000,0.88990000,72792404.80000000,1707955199999,63878171.97496000,148482,34605603.90000000,30365478.18407000,0
MATIC,1707955200000,0.89000000,0.91020000,0.87130000,0.88960000,81947188.80000000,1708041599999,73030899.89111000,185539,39931001.20000000,35598976.64298000,0
MATIC,1708041600000,0.88960000,0.95660000,0.88590000,0.95120000,142884236.40000000,1708127999999,132200716.29501000,282424,70059273.90000000,64820864.12939000,0
MATIC,1708128000000,0.95130000,0.95870000,0.90410000,0.92810000,85408017.70000000,1708214399999,79614984.65913000,179032,39826432.70000000,37111201.79649000,0
MATIC,1708214400000,0.92800000,1.00000000,0.91810000,0.99920000,88321719.80000000,1708300799999,84754376.81361000,199471,44611980.10000000,42836228.87012000,0
MATIC,1708300800000,0.99930000,1.01120000,0.97430000,0.99690000,112857434.80000000,1708387199999,112283000.12672000,238349,56931221.00000000,56647929.57813000,0
MATIC,1708387200000,0.99690000,1.03340000,0.94200000,1.02260000,152012317.70000000,1708473599999,149915537.30159000,364890,74381320.50000000,73420689.52514000,0
MATIC,1708473600000,1.02260000,1.03590000,0.90730000,0.95110000,146855485.90000000,1708559999999,140391749.58843000,342314,71772728.60000000,68533096.14450000,0
MATIC,1708560000000,0.95110000,1.06070000,0.92000000,0.99260000,186609855.00000000,1708646399999,183421744.05828000,457996,94307813.50000000,92719485.13905000,0
MATIC,1708646400000,0.99270000,1.01020000,0.94230000,0.98670000,130535939.60000000,1708732799999,128025166.53676000,308201,66167423.70000000,64903685.68223000,0
MATIC,1708732800000,0.98680000,1.03130000,0.97360000,0.99390000,80679556.00000000,1708819199999,80816682.60015000,188073,42013956.20000000,42084913.70195000,0
MATIC,1708819200000,0.99400000,1.00430000,0.96350000,0.99870000,74141061.10000000,1708905599999,72662091.11034000,169173,42060434.40000000,41211190.00686000,0
MATIC,1708905600000,0.99870000,1.07160000,0.97170000,1.05900000,177607916.10000000,1708991999999,182688533.45234000,393289,85437501.10000000,87898974.54487000,0
MATIC,1708992000000,1.05900000,1.07870000,1.01490000,1.02840000,119214902.40000000,1709078399999,124609975.21053000,297572,60815989.40000000,63572567.88271000,0
MATIC,1709078400000,1.02850000,1.06860000,0.95870000,1.00900000,193032459.40000000,1709164799999,196692455.60932000,493556,96638996.20000000,98479257.74629000,0
MATIC,1709164800000,1.00900000,1.06250000,0.98000000,1.00140000,164616597.30000000,1709251199999,169701138.60077000,457588,83738694.30000000,86353754.82510000,0
MATIC,1709251200000,1.00150000,1.04000000,1.00130000,1.02490000,92001982.10000000,1709337599999,93590012.32889000,237837,49317576.10000000,50180713.23448000,0
MATIC,1709337600000,1.02480000,1.10000000,1.02330000,1.09460000,169830105.40000000,1709423999999,181742837.84118000,422875,88208045.70000000,94411551.59626000,0
MATIC,1709424000000,1.09460000,1.11840000,1.03000000,1.08930000,154485868.70000000,1709510399999,166713474.66982000,421659,78410594.70000000,84649130.99930000,0
MATIC,1709510400000,1.08940000,1.15000000,1.07970000,1.14450000,248913502.60000000,1709596799999,277241341.99336000,615020,124989310.10000000,139210384.75659000,0
MATIC,1709596800000,1.14450000,1.14740000,0.92840000,1.03330000,344974807.60000000,1709683199999,374438633.44312000,980982,174338555.50000000,189223498.88162000,0
MATIC,1709683200000,1.03320000,1.11860000,0.99390000,1.11820000,189694934.70000000,1709769599999,201617957.13459000,499226,95409110.40000000,101375383.75297000,0
MATIC,1709769600000,1.11820000,1.17500000,1.09850000,1.16050000,153782943.50000000,1709855999999,175315879.26557000,419115,73643105.10000000,84017359.27017000,0
MATIC,1709856000000,1.16060000,1.17730000,1.09560000,1.12540000,125698773.60000000,1709942399999,143109445.35016000,319096,65278782.40000000,74310914.05603000,0
MATIC,1709942400000,1.12550000,1.15740000,1.11720000,1.15660000,82027551.90000000,1710028799999,93133971.84236000,185717,41626182.50000000,47256811.75841000,0
MATIC,1710028800000,1.15660000,1.24940000,1.14310000,1.22830000,199163587.00000000,1710115199999,240414497.54616000,494735,95768693.30000000,115615181.72853000,0
MATIC,1710115200000,1.22820000,1.24980000,1.16600000,1.24030000,159138254.60000000,1710201599999,192860806.81642000,380757,81155205.60000000,98358453.54334000,0
MATIC,1710201600000,1.24040000,1.24640000,1.12180000,1.18180000,139776035.40000000,1710287999999,165631909.77698000,372947,71972067.70000000,85256230.23797000,0
MATIC,1710288000000,1.18180000,1.29000000,1.17610000,1.27040000,166397222.20000000,1710374399999,208501878.20558000,412382,80450268.40000000,100748870.79292000,0
MATIC,1710374400000,1.27040000,1.28480000,1.16210000,1.22210000,149535615.10000000,1710460799999,182991644.19821000,392628,76592655.40000000,93787319.97276000,0
MATIC,1710460800000,1.22230000,1.23060000,1.06400000,1.14140000,182893763.80000000,1710547199999,207447403.99617000,473833,89413249.90000000,101390236.68356000,0
MATIC,1710547200000,1.14160000,1.16850000,1.02350000,1.04240000,152915122.50000000,1710633599999,168504259.43325000,334412,75718865.60000000,83458030.25870000,0
MATIC,1710633600000,1.04230000,1.09960000,1.00530000,1.08860000,114143759.40000000,1710719999999,120844655.65582000,253877,56521098.20000000,59878306.77470000,0
MATIC,1710720000000,1.08860000,1.08990000,1.00880000,1.03040000,93788498.70000000,1710806399999,98555193.31682000,222750,47580932.80000000,50012277.55398000,0
MATIC,1710806400000,1.03030000,1.03670000,0.90970000,0.93190000,183913203.10000000,1710892799999,175834962.43524000,416208,91018852.70000000,87012196.57443000,0
MATIC,1710892800000,0.93180000,1.01770000,0.91020000,1.00810000,145626334.30000000,1710979199999,139978842.02260000,331523,73878526.70000000,71059750.00273000,0
MATIC,1710979200000,1.00820000,1.01340000,0.97130000,0.99560000,85608187.60000000,1711065599999,85164442.95200000,204321,43102624.30000000,42889716.73419000,0
MATIC,1711065600000,0.99560000,1.01880000,0.95040000,0.97320000,78649778.80000000,1711151999999,77276820.26946000,193803,37068299.40000000,36440872.57949000,0
MATIC,1711152000000,0.97310000,1.00300000,0.95450000,0.97920000,56923498.30000000,1711238399999,56004065.53506000,151547,29243646.70000000,28767403.99540000,0
MATIC,1711238400000,0.97920000,1.01510000,0.97500000,1.01160000,50465095.60000000,1711324799999,50331158.64099000,119328,25919680.00000000,25860559.42366000,0
MATIC,1711324800000,1.01170000,1.06090000,1.00210000,1.04560000,78305526.30000000,1711411199999,81006677.29316000,199983,42074186.90000000,43554048.44205000,0
MATIC,1711411200000,1.04560000,1.07750000,1.02000000,1.04600000,79224863.00000000,1711497599999,83425385.24957000,189067,40686937.80000000,42856413.95056000,0
MATIC,1711497600000,1.04610000,1.08700000,1.00010000,1.00870000,121715630.20000000,1711583999999,126081197.53947000,295024,61937958.20000000,64159812.83845000,0
MATIC,1711584000000,1.00870000,1.02610000,0.99590000,1.00210000,68899691.80000000,1711670399999,69576443.62512000,157294,37762065.20000000,38136126.47012000,0
MATIC,1711670400000,1.00210000,1.00630000,0.97640000,0.99070000,59151973.50000000,1711756799999,58660571.03180000,149559,30412489.30000000,30162138.76062000,0
MATIC,1711756800000,0.99070000,1.00400000,0.97510000,0.97950000,63231490.80000000,1711843199999,62772484.35936000,135850,31513506.30000000,31291635.81746000,0
MATIC,1711843200000,0.97960000,1.00400000,0.97690000,1.00330000,31934439.20000000,1711929599999,31767816.45132000,85105,16211946.90000000,16130723.19049000,0
MATIC,1711929600000,1.00340000,1.00760000,0.92600000,0.95080000,82372042.50000000,1712015999999,78957959.90373000,188537,39652939.90000000,38003458.69460000,0
MATIC,1712016000000,0.95090000,0.95090000,0.88520000,0.90030000,82613281.90000000,1712102399999,74920852.06361000,215524,39498591.20000000,35812791.75472000,0
MATIC,1712102400000,0.90040000,0.92330000,0.87380000,0.89500000,64770559.70000000,1712188799999,58309366.03963000,190428,30665280.10000000,27610624.52726000,0
MATIC,1712188800000,0.89500000,0.92260000,0.87260000,0.90550000,52144080.90000000,1712275199999,46893323.63511000,133382,25937109.10000000,23332292.37626000,0
MATIC,1712275200000,0.90550000,0.90910000,0.86000000,0.88390000,51831356.10000000,1712361599999,45768030.31543000,121946,24792078.70000000,21895868.33365000,0
MATIC,1712361600000,0.88390000,0.90650000,0.88090000,0.89730000,37265198.60000000,1712447999999,33323963.45155000,83036,17460773.50000000,15615525.47159000,0
MATIC,1712448000000,0.89710000,0.92500000,0.89380000,0.91140000,44548654.60000000,1712534399999,40497560.50849000,89717,22392142.40000000,20353468.33493000,0
MATIC,1712534400000,0.91130000,0.94890000,0.89000000,0.94730000,66758841.50000000,1712620799999,62007519.11291000,139276,33493659.60000000,31101333.15308000,0
MATIC,1712620800000,0.94740000,0.95020000,0.89350000,0.89740000,72834676.00000000,1712707199999,67346556.99620000,154223,33905262.50000000,31349284.31567000,0
MATIC,1712707200000,0.89740000,0.90280000,0.85180000,0.88730000,80006737.60000000,1712793599999,70394935.88471000,183069,40143297.10000000,35334811.00519000,0
MATIC,1712793600000,0.88730000,0.89610000,0.86100000,0.87800000,55339192.00000000,1712879999999,48512914.94364000,109049,27749597.30000000,24324007.04766000,0
MATIC,1712880000000,0.87800000,0.89420000,0.72310000,0.76540000,178317788.10000000,1712966399999,141113877.12051000,354074,87222273.70000000,69087293.87982000,0
MATIC,1712966400000,0.76540000,0.77250000,0.58850000,0.65300000,292760089.20000000,1713052799999,200129049.30082000,542857,140472735.80000000,95915427.98214000,0
MATIC,1713052800000,0.65300000,0.71850000,0.63080000,0.71050000,173332152.60000000,1713139199999,117253807.01179000,321003,86876501.40000000,58753727.10371000,0
MATIC,1713139200000,0.71060000,0.75190000,0.68340000,0.70780000,115096828.00000000,1713225599999,82664886.30816000,219844,56116930.80000000,40315731.30790000,0
MATIC,1713225600000,0.70780000,0.73050000,0.67260000,0.70300000,86660006.10000000,1713311999999,60503517.48451000,171038,42726530.80000000,29842767.48365000,0
MATIC,1713312000000,0.70300000,0.71020000,0.65530000,0.66770000,83481634.10000000,1713398399999,56761633.98292000,164662,42304754.50000000,28743172.60536000,0
MATIC,1713398400000,0.66770000,0.69150000,0.65000000,0.67570000,84282892.00000000,1713484799999,56605695.75120000,141398,44146192.40000000,29641476.75271000,0
MATIC,1713484800000,0.67560000,0.69070000,0.61940000,0.67280000,124564347.60000000,1713571199999,82786661.99636000,189871,62134963.60000000,41294442.60937000,0
MATIC,1713571200000,0.67270000,0.74040000,0.66350000,0.73820000,59584298.60000000,1713657599999,41965789.30558000,113516,30391861.00000000,21406528.94773000,0
MATIC,1713657600000,0.73830000,0.74490000,0.70060000,0.71350000,53536758.20000000,1713743999999,38685881.83343000,93746,26942393.60000000,19470902.89186000,0
MATIC,1713744000000,0.71360000,0.75000000,0.70880000,0.74220000,59432956.70000000,1713830399999,43646761.22744000,100477,31228955.30000000,22931445.44936000,0
MATIC,1713830400000,0.74230000,0.74860000,0.72240000,0.72910000,44834911.10000000,1713916799999,32874333.15875000,77245,22429472.40000000,16449512.87876000,0
MATIC,1713916800000,0.72910000,0.76750000,0.69790000,0.70520000,85567170.80000000,1714003199999,62585588.55794000,149556,42420328.40000000,31054435.73657000,0
MATIC,1714003200000,0.70530000,0.72770000,0.69120000,0.72030000,67757524.20000000,1714089599999,48086964.28560000,109675,34339513.80000000,24376697.95564000,0
MATIC,1714089600000,0.72030000,0.73190000,0.69950000,0.70320000,63996956.90000000,1714175999999,45762899.92550000,103034,31824756.40000000,22757687.98754000,0
MATIC,1714176000000,0.70320000,0.73620000,0.68070000,0.73290000,66307365.90000000,1714262399999,46958034.03007000,101703,34062262.90000000,24128976.96890000,0
MATIC,1714262400000,0.73290000,0.74960000,0.71840000,0.72130000,47262527.00000000,1714348799999,34779454.36163000,77728,24890416.70000000,18317588.94322000,0
MATIC,1714348800000,0.72140000,0.73340000,0.68890000,0.70430000,67606800.80000000,1714435199999,47681970.29143000,112456,32368211.10000000,22825138.47555000,0
MATIC,1714435200000,0.70430000,0.71320000,0.64670000,0.66730000,74374187.80000000,1714521599999,49951730.79712000,132950,34907067.10000000,23468283.96435000,0
MATIC,1714521600000,0.66720000,0.69770000,0.63220000,0.69190000,98967315.40000000,1714607999999,65706105.16269000,156651,48131787.30000000,31969094.14035000,0
MATIC,1714608000000,0.69190000,0.72650000,0.67300000,0.72050000,47230499.60000000,1714694399999,33373524.46490000,91106,23975824.10000000,16945084.21096000,0
MATIC,1714694400000,0.72060000,0.74160000,0.71450000,0.73220000,42583547.00000000,1714780799999,30987439.03029000,76969,21932980.90000000,15963059.38418000,0
MATIC,1714780800000,0.73220000,0.74210000,0.72380000,0.72930000,28944136.30000000,1714867199999,21172360.55555000,53071,14877522.50000000,10883523.73259000,0
MATIC,1714867200000,0.72930000,0.74110000,0.71880000,0.73360000,29376382.60000000,1714953599999,21449445.59322000,51692,14763337.10000000,10779238.76712000,0
MATIC,1714953600000,0.73370000,0.77780000,0.70930000,0.70990000,78724740.40000000,1715039999999,58419367.00469000,146368,38119706.70000000,28262721.89449000,0
MATIC,1715040000000,0.70990000,0.71880000,0.68930000,0.69290000,56149399.10000000,1715126399999,39651951.15349000,92458,26684598.60000000,18847319.50952000,0
MATIC,1715126400000,0.69290000,0.69530000,0.67230000,0.68100000,60057075.80000000,1715212799999,40933440.03670000,91034,30664757.00000000,20898207.63161000,0
MATIC,1715212800000,0.68100000,0.69890000,0.67140000,0.69440000,37692106.10000000,1715299199999,25825257.72608000,58421,19188426.20000000,13148860.41546000,0
MATIC,1715299200000,0.69440000,0.70190000,0.66410000,0.67210000,48911980.00000000,1715385599999,33325664.03011000,78090,23926941.20000000,16298571.74243000,0
MATIC,1715385600000,0.67210000,0.68820000,0.67140000,0.67580000,30185133.30000000,1715471999999,20586860.31134000,51245,15510290.60000000,10579340.99702000,0
MATIC,1715472000000,0.67590000,0.68430000,0.66800000,0.67070000,17529486.10000000,1715558399999,11862794.48437000,32655,8655829.60000000,5857118.89505000,0
MATIC,1715558400000,0.67070000,0.68030000,0.64690000,0.66340000,56643796.20000000,1715644799999,37736645.98987000,88916,28583761.20000000,19047562.32332000,0
MATIC,1715644800000,0.66340000,0.66730000,0.64800000,0.64970000,59505893.90000000,1715731199999,39103119.31034000,76816,28415316.70000000,18674653.23118000,0
MATIC,1715731200000,0.64980000,0.68870000,0.64200000,0.68600000,54074138.20000000,1715817599999,36167796.28258000,90835,27749839.40000000,18568434.74731000,0
MATIC,1715817600000,0.68600000,0.69930000,0.66660000,0.69420000,54729771.50000000,1715903999999,37475803.81065000,91824,28271315.50000000,19359598.40914000,0
MATIC,1715904000000,0.69420000,0.72090000,0.69010000,0.71350000,42952722.50000000,1715990399999,30396399.98029000,79388,21937603.10000000,15528577.66355000,0
MATIC,1715990400000,0.71360000,0.72200000,0.70740000,0.70910000,23730669.60000000,1716076799999,16945382.12764000,51620,11330552.80000000,8091448.52645000,0
MATIC,1716076800000,0.70920000,0.71280000,0.67950000,0.68300000,32272444.00000000,1716163199999,22449935.99717000,60073,15475379.70000000,10769387.79570000,0
MATIC,1716163200000,0.68300000,0.75650000,0.67500000,0.75060000,85181707.00000000,1716249599999,60841736.50665000,153484,45999356.00000000,32908857.01032000,0
MATIC,1716249600000,0.75070000,0.75980000,0.71880000,0.72920000,90937733.10000000,1716335999999,67437643.39504000,163647,45766521.70000000,33944231.38030000,0
MATIC,1716336000000,0.72920000,0.73350000,0.70220000,0.72320000,77897061.50000000,1716422399999,56125275.76207000,123546,39722059.70000000,28621267.52239000,0
MATIC,1716422400000,0.72310000,0.75930000,0.69570000,0.74380000,140985314.70000000,1716508799999,103012964.04284000,257002,68180240.30000000,49816178.52982000,0
MATIC,1716508800000,0.74370000,0.75640000,0.70400000,0.72360000,54159444.40000000,1716595199999,39393598.67903000,107000,26234069.10000000,19074557.86103000,0
MATIC,1716595200000,0.72360000,0.73350000,0.72050000,0.72930000,26287438.50000000,1716681599999,19112167.80114000,55445,12614585.10000000,9171730.50000000,0
MATIC,1716681600000,0.72930000,0.73310000,0.71160000,0.71600000,32302379.50000000,1716767999999,23315557.14012000,61176,15944800.40000000,11505696.23208000,0
MATIC,1716768000000,0.71600000,0.75100000,0.71360000,0.74440000,56978548.60000000,1716854399999,41897702.48048000,111829,27161097.20000000,19995397.28484000,0
MATIC,1716854400000,0.74440000,0.75020000,0.72230000,0.73220000,65640202.40000000,1716940799999,48213986.83507000,120068,31315842.60000000,22995617.45726000,0
MATIC,1716940800000,0.73220000,0.74640000,0.71390000,0.71500000,83736056.50000000,1717027199999,61030622.66941000,142932,41316741.70000000,30114689.12665000,0
MATIC,1717027200000,0.71490000,0.72290000,0.68790000,0.69650000,67011809.40000000,1717113599999,47164161.35763000,125301,32537540.10000000,22907413.49766000,0
MATIC,1717113600000,0.69650000,0.70890000,0.68340000,0.69430000,54263411.90000000,1717199999999,37768502.21728000,98992,23875173.40000000,16617353.23475000,0
MATIC,1717200000000,0.69420000,0.70330000,0.68150000,0.69900000,24142230.60000000,1717286399999,16834676.65372000,46881,11039980.20000000,7703685.49924000,0
MATIC,1717286400000,0.69900000,0.70560000,0.68610000,0.68960000,30567441.70000000,1717372799999,21277023.25310000,61146,15118428.30000000,10519047.84307000,0
MATIC,1717372800000,0.68970000,0.71290000,0.68260000,0.70460000,50499096.20000000,1717459199999,35573941.52776000,96221,24321994.00000000,17133346.87778000,0
MATIC,1717459200000,0.70460000,0.71940000,0.69700000,0.71500000,37976015.50000000,1717545599999,26909309.21227000,69427,18152214.90000000,12858963.77043000,0
MATIC,1717545600000,0.71500000,0.72650000,0.70780000,0.72490000,33023200.70000000,1717631999999,23686533.32733000,64218,17117765.40000000,12277822.88542000,0
MATIC,1717632000000,0.72490000,0.74190000,0.71400000,0.72570000,51706322.30000000,1717718399999,37634583.81691000,100654,25799828.40000000,18784554.94878000,0
MATIC,1717718400000,0.72570000,0.72850000,0.61580000,0.66700000,109395187.60000000,1717804799999,74334829.64867000,215900,53543006.10000000,36399267.07082000,0
MATIC,1717804800000,0.66690000,0.66940000,0.64030000,0.64970000,38254278.70000000,1717891199999,25041296.53913000,80947,18873180.50000000,12355788.15941000,0
MATIC,1717891200000,0.64970000,0.65680000,0.64430000,0.65520000,20278891.30000000,1717977599999,13210275.18976000,42663,10317152.10000000,6719903.66400000,0
MATIC,1717977600000,0.65520000,0.66800000,0.63540000,0.64980000,42952316.40000000,1718063999999,27916719.26959000,77428,20844419.30000000,13542687.37395000,0
MATIC,1718064000000,0.64980000,0.65200000,0.60900000,0.61760000,81637800.30000000,1718150399999,51531431.39602000,131734,39026233.00000000,24631624.47050000,0
MATIC,1718150400000,0.61750000,0.65100000,0.60550000,0.64470000,69764320.50000000,1718236799999,44253981.25206000,118532,32728384.00000000,20762818.80207000,0
MATIC,1718236800000,0.64460000,0.64600000,0.59990000,0.60480000,64035567.20000000,1718323199999,39517288.12139000,107916,26402111.90000000,16322536.66659000,0
MATIC,1718323200000,0.60480000,0.61300000,0.57010000,0.59170000,75869717.20000000,1718409599999,44849746.58896000,124761,36075523.70000000,21354603.21745000,0
MATIC,1718409600000,0.59170000,0.61840000,0.59120000,0.61720000,28210100.80000000,1718495999999,17045513.59577000,49715,14542918.90000000,8787801.67359000,0
MATIC,1718496000000,0.61710000,0.62830000,0.60410000,0.61950000,38871470.40000000,1718582399999,23975604.94694000,65853,18338550.30000000,11308222.13014000,0
MATIC,1718582400000,0.61950000,0.62080000,0.57430000,0.58430000,67821293.20000000,1718668799999,40512140.31722000,98924,31271901.10000000,18659487.98544000,0
MATIC,1718668800000,0.58420000,0.58690000,0.51480000,0.55740000,145860893.50000000,1718755199999,79731281.91941000,219436,71323364.50000000,38977373.07199000,0
MATIC,1718755200000,0.55730000,0.58170000,0.55410000,0.57690000,43824471.60000000,1718841599999,25084150.71117000,72875,20200070.60000000,11557359.92204000,0
MATIC,1718841600000,0.57690000,0.59710000,0.56770000,0.57360000,46327874.80000000,1718927999999,26966004.73003000,69162,21954613.40000000,12778114.20257000,0
MATIC,1718928000000,0.57360000,0.58280000,0.56610000,0.56870000,42717078.30000000,1719014399999,24549152.63943000,72611,20957118.10000000,12044261.47203000,0
MATIC,1719014400000,0.56880000,0.57390000,0.56270000,0.57100000,20766778.50000000,1719100799999,11803255.81903000,37034,10345505.40000000,5880097.92445000,0
MATIC,1719100800000,0.57100000,0.58490000,0.55600000,0.56150000,30500282.80000000,1719187199999,17451545.57829000,50194,14431748.70000000,8254825.85245000,0
MATIC,1719187200000,0.56140000,0.56690000,0.53290000,0.56140000,80116497.10000000,1719273599999,44202654.63580000,111407,40115527.40000000,22139902.57477000,0
MATIC,1719273600000,0.56140000,0.58000000,0.55800000,0.56740000,37670511.70000000,1719359999999,21476831.94738000,68845,19096480.10000000,10886743.37847000,0
MATIC,1719360000000,0.56740000,0.57170000,0.54580000,0.55170000,38278694.60000000,1719446399999,21323037.77166000,60127,19147973.90000000,10669759.31889000,0
MATIC,1719446400000,0.55180000,0.57130000,0.54350000,0.56700000,35587297.00000000,1719532799999,19888648.78597000,58184,17955162.80000000,10036628.32355000,0
MATIC,1719532800000,0.56700000,0.57180000,0.55250000,0.55310000,37132393.70000000,1719619199999,20955624.27027000,66469,18860398.40000000,10646027.44531000,0
MATIC,1719619200000,0.55310000,0.56340000,0.54700000,0.54800000,18181588.30000000,1719705599999,10095367.34112000,35075,8307351.50000000,4613149.94252000,0
MATIC,1719705600000,0.54800000,0.56550000,0.54440000,0.56100000,28382563.40000000,1719791999999,15698921.07289000,50369,14373815.50000000,7942279.88584000,0
MATIC,1719792000000,0.56110000,0.56960000,0.55350000,0.55780000,31731138.00000000,1719878399999,17864087.31531000,63535,15680371.70000000,8825382.59781000,0
MATIC,1719878400000,0.55790000,0.57440000,0.55560000,0.57150000,29733593.60000000,1719964799999,16824388.09694000,59299,14028811.50000000,7939450.80769000,0
MATIC,1719964800000,0.57160000,0.57400000,0.52620000,0.53110000,56467365.70000000,1720051199999,30837573.78855000,92169,27190643.30000000,14833658.03628000,0
MATIC,1720051200000,0.53110000,0.53560000,0.49260000,0.49430000,89917768.90000000,1720137599999,45797667.71296000,139422,41352340.80000000,21071880.71391000,0
MATIC,1720137600000,0.49440000,0.49490000,0.42810000,0.46780000,201677512.00000000,1720223999999,91569245.57292000,270868,96077163.90000000,43595433.74937000,0
MATIC,1720224000000,0.46780000,0.50860000,0.46520000,0.50630000,41811705.30000000,1720310399999,20300255.78981000,72593,19590159.60000000,9498737.28744000,0
MATIC,1720310400000,0.50620000,0.50620000,0.47500000,0.47780000,40925236.50000000,1720396799999,20135866.17760000,75550,19192883.00000000,9435386.76590000,0
MATIC,1720396800000,0.47790000,0.51480000,0.46000000,0.50180000,90601152.60000000,1720483199999,44430493.63483000,136185,44344911.10000000,21733423.55687000,0
MATIC,1720483200000,0.50190000,0.50870000,0.49340000,0.50090000,51767620.90000000,1720569599999,25882561.33223000,72235,25939438.60000000,12967998.91479000,0
MATIC,1720569600000,0.50100000,0.51580000,0.49280000,0.51280000,41509428.40000000,1720655999999,21056895.64167000,60910,20974553.20000000,10640844.61889000,0
MATIC,1720656000000,0.51290000,0.52480000,0.49640000,0.49800000,48765340.70000000,1720742399999,24919610.99123000,96635,24275617.10000000,12407960.88663000,0
MATIC,1720742400000,0.49800000,0.50990000,0.49140000,0.50710000,34589918.30000000,1720828799999,17297604.69598000,66590,17320484.80000000,8662786.52108000,0
MATIC,1720828800000,0.50720000,0.53620000,0.50510000,0.53110000,37055004.00000000,1720915199999,19330938.78264000,74530,20008041.40000000,10437113.42357000,0
MATIC,1720915200000,0.53110000,0.53500000,0.51760000,0.53080000,32844757.40000000,1721001599999,17310531.55879000,72065,18411492.00000000,9698671.79186000,0
MATIC,1721001600000,0.53080000,0.54960000,0.52890000,0.54860000,59246565.50000000,1721087999999,31817717.63801000,107890,32317480.80000000,17355498.41637000,0
MATIC,1721088000000,0.54870000,0.55240000,0.51930000,0.54300000,76133902.60000000,1721174399999,41053535.31160000,140022,37803559.50000000,20377770.00061000,0
MATIC,1721174400000,0.54300000,0.56100000,0.53930000,0.53950000,52939714.00000000,1721260799999,29161754.80144000,122134,27494233.50000000,15145542.35410000,0
MATIC,1721260800000,0.53940000,0.55190000,0.51010000,0.51670000,89699585.30000000,1721347199999,47712840.34048000,159654,49247933.80000000,26202158.90978000,0
MATIC,1721347200000,0.51670000,0.53450000,0.50600000,0.53320000,60603333.30000000,1721433599999,31473571.32835000,103236,31246041.70000000,16225829.06732000,0
MATIC,1721433600000,0.53310000,0.54260000,0.52730000,0.54130000,35095414.80000000,1721519999999,18802712.29191000,62730,17376103.50000000,9309685.18780000,0
MATIC,1721520000000,0.54130000,0.54940000,0.52150000,0.54830000,44021516.40000000,1721606399999,23653866.68364000,84066,21867690.80000000,11755463.58824000,0
MATIC,1721606400000,0.54840000,0.55240000,0.52690000,0.53050000,42702028.80000000,1721692799999,23020976.78377000,81122,20849072.40000000,11245112.89179000,0
MATIC,1721692800000,0.53050000,0.55810000,0.51910000,0.53270000,89175149.80000000,1721779199999,47964371.86578000,165262,45788822.60000000,24612155.56571000,0
MATIC,1721779200000,0.53260000,0.54040000,0.51350000,0.51700000,39847244.80000000,1721865599999,21135406.14221000,91561,20367996.10000000,10807812.53596000,0
MATIC,1721865600000,0.51700000,0.52010000,0.48130000,0.49730000,56721547.30000000,1721951999999,28362019.79065000,114681,28806975.10000000,14396511.86384000,0
MATIC,1721952000000,0.49720000,0.51520000,0.49650000,0.51470000,28873339.60000000,1722038399999,14693806.62046000,57866,14235001.80000000,7247258.32940000,0
MATIC,1722038400000,0.51470000,0.52380000,0.50800000,0.51710000,30135692.60000000,1722124799999,15560394.49591000,64519,14482599.10000000,7478512.97026000,0
MATIC,1722124800000,0.51700000,0.52050000,0.50460000,0.50860000,18350968.70000000,1722211199999,9386320.32737000,45989,9411232.30000000,4811504.58443000,0
MATIC,1722211200000,0.50870000,0.52470000,0.50860000,0.51020000,43097594.30000000,1722297599999,22273249.44593000,80487,21137642.40000000,10925747.16519000,0
MATIC,1722297600000,0.51020000,0.53000000,0.49950000,0.50530000,39735502.10000000,1722383999999,20421077.22465000,81737,19647790.20000000,10092223.82063000,0
MATIC,1722384000000,0.50540000,0.52070000,0.49110000,0.49570000,55870755.90000000,1722470399999,28338555.37537000,101448,30503054.70000000,15461974.85205000,0
MATIC,1722470400000,0.49570000,0.50500000,0.46600000,0.49180000,76932821.50000000,1722556799999,37300669.22955000,165779,39603732.50000000,19183621.38054000,0
MATIC,1722556800000,0.49170000,0.49480000,0.45650000,0.46800000,66441571.90000000,1722643199999,31547585.72982000,168929,33485064.20000000,15909175.79538000,0
MATIC,1722643200000,0.46800000,0.47380000,0.44200000,0.45470000,52370172.50000000,1722729599999,24030917.30155000,111764,24168527.50000000,11088080.54705000,0
MATIC,1722729600000,0.45460000,0.45840000,0.40920000,0.42160000,64211161.40000000,1722815999999,27621280.27924000,117101,30561321.20000000,13144477.03468000,0
MATIC,1722816000000,0.42150000,0.42490000,0.33420000,0.38440000,430337750.90000000,1722902399999,159307591.17992000,570925,206932298.90000000,76624010.56372000,0
MATIC,1722902400000,0.38440000,0.41760000,0.38380000,0.40790000,76895915.20000000,1722988799999,31278471.51229000,173884,35410421.70000000,14405043.15455000,0
MATIC,1722988800000,0.40780000,0.41710000,0.38740000,0.39200000,64014814.90000000,1723075199999,25725210.22004000,123095,31110005.50000000,12511515.43335000,0
MATIC,1723075200000,0.39200000,0.43300000,0.38640000,0.43170000,68656639.30000000,1723161599999,28224304.42886000,170796,36406838.90000000,14963190.10917000,0
MATIC,1723161600000,0.43170000,0.43200000,0.41380000,0.42180000,41725085.70000000,1723247999999,17622075.93829000,121572,20792026.50000000,8780654.19299000,0
MATIC,1723248000000,0.42180000,0.43150000,0.41850000,0.42630000,21806972.30000000,1723334399999,9273557.64923000,70514,10141716.90000000,4312401.53809000,0
MATIC,1723334400000,0.42620000,0.43780000,0.40240000,0.40300000,35693603.00000000,1723420799999,14998581.30827000,96125,18520213.30000000,7775814.18862000,0
MATIC,1723420800000,0.40300000,0.43290000,0.40170000,0.42630000,53811992.10000000,1723507199999,22597627.23539000,110701,26097769.00000000,10962832.13389000,0
MATIC,1723507200000,0.42630000,0.42700000,0.41110000,0.42210000,41533861.40000000,1723593599999,17424087.41568000,85667,20790558.20000000,8712542.69203000,0
MATIC,1723593600000,0.42200000,0.42540000,0.40710000,0.42380000,46223299.40000000,1723679999999,19324743.77484000,108665,23319746.20000000,9748074.22480000,0
MATIC,1723680000000,0.42380000,0.43200000,0.39640000,0.40120000,72765037.20000000,1723766399999,30074860.23606000,153046,34982059.80000000,14442483.39033000,0
MATIC,1723766400000,0.40110000,0.40780000,0.39210000,0.40400000,45240186.10000000,1723852799999,18142167.83789000,126252,22672884.20000000,9088411.14516000,0
MATIC,1723852800000,0.40410000,0.41050000,0.40130000,0.41050000,17561915.80000000,1723939199999,7131809.45842000,46759,8800187.30000000,3572895.70860000,0
MATIC,1723939200000,0.41040000,0.41910000,0.40710000,0.41160000,26608569.20000000,1724025599999,11003882.70871000,66455,12326591.80000000,5098239.31177000,0
MATIC,1724025600000,0.41170000,0.43050000,0.40930000,0.43010000,59537048.90000000,1724111999999,25066843.69742000,135588,28471349.80000000,11990983.11724000,0
MATIC,1724112000000,0.43000000,0.46690000,0.42870000,0.46150000,69615970.50000000,1724198399999,31129854.41146000,179409,34079241.40000000,15236266.90448000,0
MATIC,1724198400000,0.46140000,0.53000000,0.45620000,0.52510000,157388732.10000000,1724284799999,77813883.75199000,473533,80012268.80000000,39572911.93346000,0
MATIC,1724284800000,0.52500000,0.53990000,0.51540000,0.53200000,132608795.80000000,1724371199999,70002479.93717000,458301,65079674.60000000,34368928.01189000,0
MATIC,1724371200000,0.53190000,0.54460000,0.51860000,0.53770000,103466383.70000000,1724457599999,55007116.65704000,402247,48394016.40000000,25727254.61669000,0
MATIC,1724457600000,0.53770000,0.58190000,0.53080000,0.57110000,117390094.60000000,1724543999999,65080349.78421000,423895,56623919.50000000,31366556.19422000,0
MATIC,1724544000000,0.57110000,0.57500000,0.52250000,0.52440000,109526500.60000000,1724630399999,59289009.80777000,310868,55320616.30000000,29938728.80554000,0
MATIC,1724630400000,0.52450000,0.52790000,0.50160000,0.50220000,79206147.00000000,1724716799999,40887672.69021000,248211,36974333.20000000,19085810.42133000,0
MATIC,1724716800000,0.50220000,0.51450000,0.45880000,0.46620000,92323260.80000000,1724803199999,45438591.86288000,366483,45203907.30000000,22272107.51844000,0
MATIC,1724803200000,0.46620000,0.46670000,0.42530000,0.43670000,174478350.80000000,1724889599999,78004222.40823000,551617,97549200.70000000,43627417.83411000,0
MATIC,1724889600000,0.43670000,0.44630000,0.41440000,0.42520000,98713822.80000000,1724975999999,42848007.70459000,314239,50548647.30000000,21944918.13251000,0
MATIC,1724976000000,0.42510000,0.43030000,0.39900000,0.42100000,89587645.10000000,1725062399999,37338440.30110000,340344,44465712.00000000,18534334.33490000,0
MATIC,1725062400000,0.42100000,0.42700000,0.41730000,0.41960000,41888444.80000000,1725148799999,17656957.69180000,131775,18904624.90000000,7967760.12914000,0
MATIC,1725148800000,0.41960000,0.42030000,0.39670000,0.40230000,58016271.70000000,1725235199999,23706848.19944000,223865,27196643.50000000,11116098.95445000,0
MATIC,1725235200000,0.40220000,0.41500000,0.39560000,0.41080000,82485496.70000000,1725321599999,33328390.56602000,354018,43955503.50000000,17757659.66665000,0
MATIC,1725321600000,0.41080000,0.41500000,0.39650000,0.39780000,80614184.70000000,1725407999999,32798798.53302000,175393,41966010.10000000,17080527.14017000,0
MATIC,1725408000000,0.39780000,0.40030000,0.35000000,0.38140000,137684321.20000000,1725494399999,52394717.45559000,210135,69781085.20000000,26593285.70443000,0
MATIC,1725494400000,0.38140000,0.38790000,0.36200000,0.36850000,51347366.60000000,1725580799999,19163609.08514000,113196,23064583.30000000,8613262.52967000,0
MATIC,1725580800000,0.36860000,0.37940000,0.35050000,0.36590000,45664659.20000000,1725667199999,16800379.15316000,83084,21083981.90000000,7762010.39442000,0
MATIC,1725667200000,0.36600000,0.37640000,0.36430000,0.36950000,18675410.60000000,1725753599999,6949923.50706000,38929,8834838.90000000,3288372.99196000,0
MATIC,1725753600000,0.36950000,0.37990000,0.36730000,0.37570000,28256827.20000000,1725839999999,10530148.06459000,64547,14473533.50000000,5393009.85847000,0
MATIC,1725840000000,0.37580000,0.38570000,0.37140000,0.38220000,53199619.60000000,1725926399999,20136184.47499000,118827,27135818.80000000,10276262.17153000,0
MATIC,1725926400000,0.38210000,0.38260000,0.37740000,0.37940000,4452579.60000000,1725937199999,1690323.85073000,6495,2110869.20000000,801216.25099000,0
